,Compound,Date,Negative,Neutral,Positive,Source,Tweets_Ago,text
0,0.0,Wed Jan 10 16:12:09 +0000 2018,0.0,1.0,0.0,@BBC,1,@MrGPrimary @tim_jumpclarke @redgierob @ICTEvangelist @gazneedle @thisfoolj @JennaLucas81 @bryngoodman @leah_moo‚Ä¶ https://t.co/8N2cUdR5tO
1,-0.296,Wed Jan 10 16:11:52 +0000 2018,0.095,0.905,0.0,@BBC,2,RT @aliShihabi: The @BBC program #HouseofSaud is not balanced. They give full airtime to many Saudi critics yet my comments  are truncated‚Ä¶
2,-0.296,Wed Jan 10 16:11:30 +0000 2018,0.095,0.905,0.0,@BBC,3,RT @aliShihabi: The @BBC program #HouseofSaud is not balanced. They give full airtime to many Saudi critics yet my comments  are truncated‚Ä¶
3,0.0,Wed Jan 10 16:11:29 +0000 2018,0.0,1.0,0.0,@BBC,4,"RT @Umakant_satlok: #1CroreChallenge
@BBC @BBCHindi
@DDNewsHindi
@BBCsarika
@Zubair_BBC
@BBCMukeshS
@BBCPankajP
@vandnadhand
@TweetNitinS
‡§®‚Ä¶"
4,0.3818,Wed Jan 10 16:11:14 +0000 2018,0.0,0.88,0.12,@BBC,5,"@TurnerMalcolm @afneil @BBC Dear sir 
As @afneil is the most balanced in the media, are you a selective listener or‚Ä¶ https://t.co/58wJdce49l"
5,-0.296,Wed Jan 10 16:11:08 +0000 2018,0.095,0.905,0.0,@BBC,6,RT @aliShihabi: The @BBC program #HouseofSaud is not balanced. They give full airtime to many Saudi critics yet my comments  are truncated‚Ä¶
6,0.0,Wed Jan 10 16:11:06 +0000 2018,0.0,1.0,0.0,@BBC,7,@grandpa00seven @cjwerleman @BBC @DouglasKMurray Douglas Murray is 100% correct
7,-0.7397,Wed Jan 10 16:10:43 +0000 2018,0.294,0.706,0.0,@BBC,8,RT @AnnaMcMorrin: .@BBC @BBCRadio4 this is a very bad decision. Stop trying to shut down Women‚Äôs voices. https://t.co/vPulAVwLCo
8,-0.296,Wed Jan 10 16:10:42 +0000 2018,0.099,0.901,0.0,@BBC,9,The @BBC program #HouseofSaud is not balanced. They give full airtime to many Saudi critics yet my comments  are tr‚Ä¶ https://t.co/mll5bZqd2J
9,0.0,Wed Jan 10 16:10:36 +0000 2018,0.0,1.0,0.0,@BBC,10,"RT @BBC: üöÄ‚ú® David Bowie changed music forever. 

Throughout his career, he reinvented not just his sound but his persona over &amp; over again.‚Ä¶"
10,0.0,Wed Jan 10 16:10:17 +0000 2018,0.0,1.0,0.0,@BBC,11,#CES 2018: @Kodak's plans for the #KodakCoin and @Bitcoin mining: https://t.co/xGj6ubiOKQ via @BBC
11,0.775,Wed Jan 10 16:10:09 +0000 2018,0.04,0.73,0.231,@BBC,12,RT @TomLondon6: Of course @BBC must deal urgently and decisively with the equal pay issue but it should also engage urgently and in good fa‚Ä¶
12,0.0,Wed Jan 10 16:10:01 +0000 2018,0.0,1.0,0.0,@BBC,13,Applications are OPEN! 14 weeks PAID TV training followed by paid placement @BBC - For more info &amp; to apply visit:‚Ä¶ https://t.co/ZPNuUC3Yqi
13,0.0,Wed Jan 10 16:09:39 +0000 2018,0.0,1.0,0.0,@BBC,14,"RT @BBC: üöÄ‚ú® David Bowie changed music forever. 

Throughout his career, he reinvented not just his sound but his persona over &amp; over again.‚Ä¶"
14,0.0,Wed Jan 10 16:09:35 +0000 2018,0.0,1.0,0.0,@BBC,15,@CHI2COL @OscarRainy @melsil @BBC I know what your mother thinks. Go show her how you‚Äôre talking to this woman and‚Ä¶ https://t.co/EsTA6z5Wau
15,0.4215,Wed Jan 10 16:09:26 +0000 2018,0.0,0.823,0.177,@BBC,16,@CEBaines @CaptainPooper @BBC @Channel4 @4oD @MrCallumBlue I'm starting #AsIfBoxSet and hoping Channel 4 will notice.
16,-0.5913,Wed Jan 10 16:09:15 +0000 2018,0.224,0.692,0.084,@BBC,17,@BBC A dog's ability to smell cancer is genetic. It cannot be created through ANY training. The dog is only being t‚Ä¶ https://t.co/oByvSasTcZ
17,0.0,Wed Jan 10 16:08:59 +0000 2018,0.0,1.0,0.0,@BBC,18,"RT @BBC: üöÄ‚ú® David Bowie changed music forever. 

Throughout his career, he reinvented not just his sound but his persona over &amp; over again.‚Ä¶"
18,0.3612,Wed Jan 10 16:08:50 +0000 2018,0.0,0.878,0.122,@BBC,19,RT @BBC: These @BBCWthrWatchers photos capture what the weather has looked like across the UK lately. üåß‚ùÑÔ∏èüå•üåà https://t.co/YxteoBMtli https:/‚Ä¶
19,0.3612,Wed Jan 10 16:08:28 +0000 2018,0.0,0.884,0.116,@BBC,20,@BeautifulVeruca @melsil @BBC Sounds like something out of a schoolyard doesn‚Äôt it... now get off of her page and g‚Ä¶ https://t.co/5sYLvl0hHL
20,0.0,Wed Jan 10 16:08:28 +0000 2018,0.0,1.0,0.0,@BBC,21,RT @CEBaines: @sophiegrenham @CaptainPooper @BBC @Channel4 @4oD @MrCallumBlue HERE HERE
21,0.0,Wed Jan 10 16:07:46 +0000 2018,0.0,1.0,0.0,@BBC,22,@TurnerMalcolm @afneil @BBC That's @bbclaurak out of a job then.
22,0.2263,Wed Jan 10 16:07:17 +0000 2018,0.0,0.808,0.192,@BBC,23,RT @andreuswolf: Okay @BBC employ this person immediately https://t.co/oZ1nQWB4fo
23,-0.5859,Wed Jan 10 16:06:40 +0000 2018,0.242,0.758,0.0,@BBC,24,RT @boomlive_in: @DrGPradhan @Number10gov @BBC @BBCWorld @BBCNews @UKLabour @DailyMailUK Hi @DrGPradhan This was a mock protest against ISI‚Ä¶
24,0.4902,Wed Jan 10 16:06:34 +0000 2018,0.0,0.834,0.166,@BBC,25,@BeautifulVeruca @melsil @BBC Well the world is going out of business so that‚Äôs fine. We will all wake up one day a‚Ä¶ https://t.co/b1Gek33Cwq
25,0.1531,Wed Jan 10 16:06:09 +0000 2018,0.122,0.722,0.156,@BBC,26,@DrGPradhan @Number10gov @BBC @BBCWorld @BBCNews @UKLabour @DailyMailUK @DrGPradhan when you will stop sharing fake‚Ä¶ https://t.co/bRTP9TIO92
26,0.0,Wed Jan 10 16:06:04 +0000 2018,0.0,1.0,0.0,@BBC,27,@HeadbandFilms @OscarRainy @melsil @BBC Now you're going to tell me what my mother thinks? Loosen up that headband and go to bed.
27,0.2732,Wed Jan 10 16:05:57 +0000 2018,0.0,0.769,0.231,@BBC,28,Well done @BBC. He's a known CONVICTED paedophile here
28,0.0,Wed Jan 10 16:05:39 +0000 2018,0.0,1.0,0.0,@BBC,29,"ƒåesko v zahraniƒç√≠ @BBC #czechelection #newpresident 
BBC News - Czech election: The politically incorrect president‚Ä¶ https://t.co/QaSMSr61ZG"
29,0.0,Wed Jan 10 16:05:33 +0000 2018,0.0,1.0,0.0,@BBC,30,RT @NuraRabiu19: The int'l media houses @bbc @cnn @afp @nbcnews @foxnews @AJEnglish @xhnews &amp; local medias @dailytrust are part of the curr‚Ä¶
30,0.0,Wed Jan 10 16:05:13 +0000 2018,0.0,1.0,0.0,@BBC,31,RT @TheICMP: Bodies of some 100 German soldiers from #WW2 found in #Estonia @BBC  https://t.co/MlkYsZVd2v
31,0.0,Wed Jan 10 16:05:13 +0000 2018,0.0,1.0,0.0,@BBC,32,Bodies of some 100 German soldiers from #WW2 found in #Estonia @BBC  https://t.co/MlkYsZVd2v
32,0.0,Wed Jan 10 16:04:47 +0000 2018,0.0,1.0,0.0,@BBC,33,"RT @BBC: üöÄ‚ú® David Bowie changed music forever. 

Throughout his career, he reinvented not just his sound but his persona over &amp; over again.‚Ä¶"
33,0.0,Wed Jan 10 16:04:06 +0000 2018,0.0,1.0,0.0,@BBC,34,"RT @BBC: üöÄ‚ú® David Bowie changed music forever. 

Throughout his career, he reinvented not just his sound but his persona over &amp; over again.‚Ä¶"
34,-0.0516,Wed Jan 10 16:03:59 +0000 2018,0.113,0.781,0.105,@BBC,35,"RT @BBC: Next time you're tempted to write 'clean me' on the back of a dirty van, why not think bigger? üöö üé® https://t.co/lY5SZwktli https:/‚Ä¶"
35,0.34,Wed Jan 10 16:03:50 +0000 2018,0.0,0.909,0.091,@BBC,36,"RT @JimChapman: Hey, @BBC, can you make another series of 'walking with dinosaurs'? The last one was in 1999. It was amazing but there's so‚Ä¶"
36,-0.5859,Wed Jan 10 16:03:43 +0000 2018,0.242,0.758,0.0,@BBC,37,RT @boomlive_in: @DrGPradhan @Number10gov @BBC @BBCWorld @BBCNews @UKLabour @DailyMailUK Hi @DrGPradhan This was a mock protest against ISI‚Ä¶
37,-0.5859,Wed Jan 10 16:03:23 +0000 2018,0.226,0.774,0.0,@BBC,38,#NotAFakeNews&gt;New York State Assemblywoman #PamelaHarris(#@DEMOCRAT) Indicted on 11 Counts of Fraud and Tampering-‚Ä¶ https://t.co/aLs1O22zoY
38,-0.5859,Wed Jan 10 16:03:21 +0000 2018,0.242,0.758,0.0,@BBC,39,RT @boomlive_in: @DrGPradhan @Number10gov @BBC @BBCWorld @BBCNews @UKLabour @DailyMailUK Hi @DrGPradhan This was a mock protest against ISI‚Ä¶
39,-0.5859,Wed Jan 10 16:03:08 +0000 2018,0.242,0.758,0.0,@BBC,40,RT @boomlive_in: @DrGPradhan @Number10gov @BBC @BBCWorld @BBCNews @UKLabour @DailyMailUK Hi @DrGPradhan This was a mock protest against ISI‚Ä¶
40,-0.5267,Wed Jan 10 16:02:59 +0000 2018,0.167,0.833,0.0,@BBC,41,RT @FireEye: .@JohnHultquist spoke with the @BBC on the #cyber threat landscape moving into 2018 https://t.co/jSOWBeuMSn via @gordoncorera
41,-0.6597,Wed Jan 10 16:02:30 +0000 2018,0.216,0.784,0.0,@BBC,42,RT @BBC: Researchers have published a study revealing that dogs can be trained to smell cancer. üê∂ https://t.co/9mP5kjg6CZ https://t.co/yb7l‚Ä¶
42,0.0,Wed Jan 10 16:02:21 +0000 2018,0.0,1.0,0.0,@BBC,43,@goldgems11 @obyezeks @NOIweala @PoliceNG @IOmuta @segalink @AJStream @BBC @CNN @UN_Women @nassnigeria @camanpour‚Ä¶ https://t.co/aDtsQqeMfb
43,0.0,Wed Jan 10 16:01:52 +0000 2018,0.0,1.0,0.0,@BBC,44,RT @infante: @BBC  https://t.co/I6xACeR41X
44,0.3612,Wed Jan 10 16:01:51 +0000 2018,0.0,0.894,0.106,@BBC,45,@CHI2COL @OscarRainy @melsil @BBC I bet the woman who pushed you out of her vagina would agree that it should be th‚Ä¶ https://t.co/JyRNTZb0Ru
45,0.8885,Wed Jan 10 16:01:29 +0000 2018,0.0,0.531,0.469,@BBC,46,"@Camillapalmer @OReillyMiriam @BBC Yes, huge respect for Miriam and your vanguard action. A brave trailblazer in th‚Ä¶ https://t.co/IT3qZRUUci"
46,0.3612,Wed Jan 10 16:01:16 +0000 2018,0.092,0.753,0.155,@BBC,47,"RT @BBC: Katie has around 16 seizures everyday. But that doesn‚Äôt stop her from doing what she loves. üèÉ
#EverydayHeroes https://t.co/J7i1kN3‚Ä¶"
47,0.0,Wed Jan 10 16:00:54 +0000 2018,0.0,1.0,0.0,@BBC,48,@boomlive_in @DrGPradhan @Number10gov @BBC @BBCWorld @BBCNews @UKLabour @DailyMailUK Wow..outrage is more on sarcas‚Ä¶ https://t.co/TOMgfjf75W
48,0.0,Wed Jan 10 16:00:43 +0000 2018,0.0,1.0,0.0,@BBC,49,@BBC #BowieForever https://t.co/15JA20nLag
49,0.0,Wed Jan 10 16:00:17 +0000 2018,0.0,1.0,0.0,@BBC,50,@theAliceRoberts @Dr_L_Strickland @ConversationUK @BBC @mmu_RAH @Humanists_UK As I see it - there's room for everyo‚Ä¶ https://t.co/j277sKYPaO
50,0.4767,Wed Jan 10 15:58:59 +0000 2018,0.166,0.581,0.253,@BBC,51,RT @Camillapalmer: don‚Äôt forget  @OReillyMiriam  was the brave woman taking risks for others @bbc. Support is key https://t.co/Z8hM52dpB9
51,-0.8689,Wed Jan 10 15:58:16 +0000 2018,0.468,0.532,0.0,@BBC,52,@BBC If dogs can smell cancer can't we develop a cancer smelling device?
52,-0.4019,Wed Jan 10 15:58:00 +0000 2018,0.162,0.838,0.0,@BBC,53,"@kfury @BBCEarth @BBC fuzzing reality with artistic license, fostering #FakeNews problem, provocatively.  Editor no‚Ä¶ https://t.co/4kmPOIz84L"
53,-0.4767,Wed Jan 10 15:57:10 +0000 2018,0.129,0.871,0.0,@BBC,54,RT @nerdette: The #paygap row at the @BBC  continues to get worse. Diversity expert @cindygallop has some advice for Tony Hall https://t.co‚Ä¶
54,0.0,Wed Jan 10 15:57:07 +0000 2018,0.0,1.0,0.0,@BBC,55,@LorderonKnights @CIA @euronews @France24_en @CNN @BBC @AP @FoxNews @PressTV @BorisJohnson @JZarif @UN @nytimes Goo‚Ä¶ https://t.co/tHvLtcGW5R
55,0.5423,Wed Jan 10 15:57:05 +0000 2018,0.0,0.756,0.244,@BBC,56,"@HeadbandFilms @melsil @BBC I wish you luck, Sure laws could be passed in different countries but that will never h‚Ä¶ https://t.co/6AkrBhf62t"
56,0.6249,Wed Jan 10 15:57:03 +0000 2018,0.0,0.814,0.186,@BBC,57,Great to see a short @BBC interview with artist and musician Danny Sumbler about the relationship between his Toure‚Ä¶ https://t.co/ihP8s9ttxj
57,-0.5859,Wed Jan 10 15:56:21 +0000 2018,0.242,0.758,0.0,@BBC,58,RT @boomlive_in: @DrGPradhan @Number10gov @BBC @BBCWorld @BBCNews @UKLabour @DailyMailUK Hi @DrGPradhan This was a mock protest against ISI‚Ä¶
58,-0.5859,Wed Jan 10 15:55:48 +0000 2018,0.242,0.758,0.0,@BBC,59,RT @boomlive_in: @DrGPradhan @Number10gov @BBC @BBCWorld @BBCNews @UKLabour @DailyMailUK Hi @DrGPradhan This was a mock protest against ISI‚Ä¶
59,0.3612,Wed Jan 10 15:55:47 +0000 2018,0.092,0.753,0.155,@BBC,60,"RT @BBC: Katie has around 16 seizures everyday. But that doesn‚Äôt stop her from doing what she loves. üèÉ
#EverydayHeroes https://t.co/J7i1kN3‚Ä¶"
60,0.0,Wed Jan 10 15:55:42 +0000 2018,0.0,1.0,0.0,@BBC,61,@BBC @CNN @AJEnglish @WHO     https://t.co/M4MSahLg1J
61,0.34,Wed Jan 10 15:55:00 +0000 2018,0.0,0.909,0.091,@BBC,62,"RT @JimChapman: Hey, @BBC, can you make another series of 'walking with dinosaurs'? The last one was in 1999. It was amazing but there's so‚Ä¶"
62,0.4019,Wed Jan 10 15:54:30 +0000 2018,0.137,0.629,0.234,@BBC,63,"RT @CaponesShadow: @HonseyBunsey @BBC @markbenton100 @chesloza @ChrissyBotto @PhilMealey Was great, unfortunately only 2 series"
63,0.2003,Wed Jan 10 15:54:23 +0000 2018,0.148,0.667,0.185,@BBC,64,RT @HonseyBunsey: @CaponesShadow @BBC @markbenton100 @chesloza @ChrissyBotto @PhilMealey What a fantastic series that was! Such a shame onl‚Ä¶
64,-0.1053,Wed Jan 10 15:53:14 +0000 2018,0.191,0.682,0.127,@BBC,65,"@LaraLatex @guardian @BBC @Channel4News How I couldn't agree more Lara üëç

It's why I'm blocked by the likes of‚Ä¶ https://t.co/ez1dq07Z36"
65,0.0,Wed Jan 10 15:52:42 +0000 2018,0.0,1.0,0.0,@BBC,66,@DrGPradhan @Number10gov @BBC @BBCWorld @BBCNews @UKLabour @DailyMailUK Delete karega ye chutiya
66,0.0,Wed Jan 10 15:52:21 +0000 2018,0.0,1.0,0.0,@BBC,67,RT @hashtagourstory: We just got mentioned at a big @BBC event! https://t.co/7dVWJvb0br
67,0.0,Wed Jan 10 15:52:17 +0000 2018,0.0,1.0,0.0,@BBC,68,@WarrenBuffett @reason @catoletters @CatoInstitute @FreeStateNH @NewsBank @FoxNews @foxnewspolitics @Hearst‚Ä¶ https://t.co/4aDei48hyr
68,0.25,Wed Jan 10 15:51:54 +0000 2018,0.112,0.728,0.16,@BBC,69,@TurnerMalcolm @acgrayling @afneil @BBC Is this another undemocratic anti free speech attempt to silence an intervi‚Ä¶ https://t.co/Eqb4QAUG3K
69,0.3182,Wed Jan 10 15:51:03 +0000 2018,0.0,0.827,0.173,@BBC,70,RT @BBC: Think you're a bigger football fan than this guy? ‚ù§Ô∏èÔ∏èÔ∏è‚öΩÔ∏è https://t.co/nwkebUvYmb
70,0.0,Wed Jan 10 15:50:51 +0000 2018,0.0,1.0,0.0,@BBC,71,"RT @BBC: üêã‚ù§Ô∏èÔ∏è Could this be the first case on record of a humpback protecting a human?

Via @BBCNews https://t.co/78l0AKNbxB"
71,0.6369,Wed Jan 10 15:50:41 +0000 2018,0.0,0.756,0.244,@BBC,72,"RT @BBC: 'I fell in love with a sperm donor I met on Craigslist.'

#EmmaBarnettShow https://t.co/9C48CTI4lF"
72,0.0,Wed Jan 10 15:50:12 +0000 2018,0.0,1.0,0.0,@BBC,73,@boomlive_in @DrGPradhan @Number10gov @BBC @BBCWorld @BBCNews @UKLabour @DailyMailUK @TwitterIndia need to take act‚Ä¶ https://t.co/U9OwuXqCBR
73,0.0,Wed Jan 10 15:49:46 +0000 2018,0.0,1.0,0.0,@BBC,74,The 30-year-old woman who designed a $1bn business https://t.co/SfsI6piylN | via @BBC
74,-0.5859,Wed Jan 10 15:49:34 +0000 2018,0.242,0.758,0.0,@BBC,75,RT @boomlive_in: @DrGPradhan @Number10gov @BBC @BBCWorld @BBCNews @UKLabour @DailyMailUK Hi @DrGPradhan This was a mock protest against ISI‚Ä¶
75,0.0,Wed Jan 10 15:49:22 +0000 2018,0.0,1.0,0.0,@BBC,76,"@CHI2COL @HeadbandFilms @melsil @BBC Massive strawman there. Did you not understand what I said, or...?"
76,0.0,Wed Jan 10 16:12:09 +0000 2018,0.0,1.0,0.0,@BBC,77,@MrGPrimary @tim_jumpclarke @redgierob @ICTEvangelist @gazneedle @thisfoolj @JennaLucas81 @bryngoodman @leah_moo‚Ä¶ https://t.co/8N2cUdR5tO
77,-0.296,Wed Jan 10 16:11:52 +0000 2018,0.095,0.905,0.0,@BBC,78,RT @aliShihabi: The @BBC program #HouseofSaud is not balanced. They give full airtime to many Saudi critics yet my comments  are truncated‚Ä¶
78,-0.296,Wed Jan 10 16:11:30 +0000 2018,0.095,0.905,0.0,@BBC,79,RT @aliShihabi: The @BBC program #HouseofSaud is not balanced. They give full airtime to many Saudi critics yet my comments  are truncated‚Ä¶
79,0.0,Wed Jan 10 16:11:29 +0000 2018,0.0,1.0,0.0,@BBC,80,"RT @Umakant_satlok: #1CroreChallenge
@BBC @BBCHindi
@DDNewsHindi
@BBCsarika
@Zubair_BBC
@BBCMukeshS
@BBCPankajP
@vandnadhand
@TweetNitinS
‡§®‚Ä¶"
80,0.3818,Wed Jan 10 16:11:14 +0000 2018,0.0,0.88,0.12,@BBC,81,"@TurnerMalcolm @afneil @BBC Dear sir 
As @afneil is the most balanced in the media, are you a selective listener or‚Ä¶ https://t.co/58wJdce49l"
81,-0.296,Wed Jan 10 16:11:08 +0000 2018,0.095,0.905,0.0,@BBC,82,RT @aliShihabi: The @BBC program #HouseofSaud is not balanced. They give full airtime to many Saudi critics yet my comments  are truncated‚Ä¶
82,0.0,Wed Jan 10 16:11:06 +0000 2018,0.0,1.0,0.0,@BBC,83,@grandpa00seven @cjwerleman @BBC @DouglasKMurray Douglas Murray is 100% correct
83,-0.7397,Wed Jan 10 16:10:43 +0000 2018,0.294,0.706,0.0,@BBC,84,RT @AnnaMcMorrin: .@BBC @BBCRadio4 this is a very bad decision. Stop trying to shut down Women‚Äôs voices. https://t.co/vPulAVwLCo
84,-0.296,Wed Jan 10 16:10:42 +0000 2018,0.099,0.901,0.0,@BBC,85,The @BBC program #HouseofSaud is not balanced. They give full airtime to many Saudi critics yet my comments  are tr‚Ä¶ https://t.co/mll5bZqd2J
85,0.0,Wed Jan 10 16:10:36 +0000 2018,0.0,1.0,0.0,@BBC,86,"RT @BBC: üöÄ‚ú® David Bowie changed music forever. 

Throughout his career, he reinvented not just his sound but his persona over &amp; over again.‚Ä¶"
86,0.0,Wed Jan 10 16:10:17 +0000 2018,0.0,1.0,0.0,@BBC,87,#CES 2018: @Kodak's plans for the #KodakCoin and @Bitcoin mining: https://t.co/xGj6ubiOKQ via @BBC
87,0.775,Wed Jan 10 16:10:09 +0000 2018,0.04,0.73,0.231,@BBC,88,RT @TomLondon6: Of course @BBC must deal urgently and decisively with the equal pay issue but it should also engage urgently and in good fa‚Ä¶
88,0.0,Wed Jan 10 16:10:01 +0000 2018,0.0,1.0,0.0,@BBC,89,Applications are OPEN! 14 weeks PAID TV training followed by paid placement @BBC - For more info &amp; to apply visit:‚Ä¶ https://t.co/ZPNuUC3Yqi
89,0.0,Wed Jan 10 16:09:39 +0000 2018,0.0,1.0,0.0,@BBC,90,"RT @BBC: üöÄ‚ú® David Bowie changed music forever. 

Throughout his career, he reinvented not just his sound but his persona over &amp; over again.‚Ä¶"
90,0.0,Wed Jan 10 16:09:35 +0000 2018,0.0,1.0,0.0,@BBC,91,@CHI2COL @OscarRainy @melsil @BBC I know what your mother thinks. Go show her how you‚Äôre talking to this woman and‚Ä¶ https://t.co/EsTA6z5Wau
91,0.4215,Wed Jan 10 16:09:26 +0000 2018,0.0,0.823,0.177,@BBC,92,@CEBaines @CaptainPooper @BBC @Channel4 @4oD @MrCallumBlue I'm starting #AsIfBoxSet and hoping Channel 4 will notice.
92,-0.5913,Wed Jan 10 16:09:15 +0000 2018,0.224,0.692,0.084,@BBC,93,@BBC A dog's ability to smell cancer is genetic. It cannot be created through ANY training. The dog is only being t‚Ä¶ https://t.co/oByvSasTcZ
93,0.0,Wed Jan 10 16:08:59 +0000 2018,0.0,1.0,0.0,@BBC,94,"RT @BBC: üöÄ‚ú® David Bowie changed music forever. 

Throughout his career, he reinvented not just his sound but his persona over &amp; over again.‚Ä¶"
94,0.3612,Wed Jan 10 16:08:50 +0000 2018,0.0,0.878,0.122,@BBC,95,RT @BBC: These @BBCWthrWatchers photos capture what the weather has looked like across the UK lately. üåß‚ùÑÔ∏èüå•üåà https://t.co/YxteoBMtli https:/‚Ä¶
95,0.3612,Wed Jan 10 16:08:28 +0000 2018,0.0,0.884,0.116,@BBC,96,@BeautifulVeruca @melsil @BBC Sounds like something out of a schoolyard doesn‚Äôt it... now get off of her page and g‚Ä¶ https://t.co/5sYLvl0hHL
96,0.0,Wed Jan 10 16:08:28 +0000 2018,0.0,1.0,0.0,@BBC,97,RT @CEBaines: @sophiegrenham @CaptainPooper @BBC @Channel4 @4oD @MrCallumBlue HERE HERE
97,0.0,Wed Jan 10 16:07:46 +0000 2018,0.0,1.0,0.0,@BBC,98,@TurnerMalcolm @afneil @BBC That's @bbclaurak out of a job then.
98,0.2263,Wed Jan 10 16:07:17 +0000 2018,0.0,0.808,0.192,@BBC,99,RT @andreuswolf: Okay @BBC employ this person immediately https://t.co/oZ1nQWB4fo
99,-0.5859,Wed Jan 10 16:06:40 +0000 2018,0.242,0.758,0.0,@BBC,100,RT @boomlive_in: @DrGPradhan @Number10gov @BBC @BBCWorld @BBCNews @UKLabour @DailyMailUK Hi @DrGPradhan This was a mock protest against ISI‚Ä¶
100,-0.5106,Wed Jan 10 16:12:13 +0000 2018,0.125,0.875,0.0,@CNN,1,"RT @CNN: ""This f------ idiot is the president. It's The Emperor's New Clothes -- the guy is a f------ fool... our baby-in-chief -- the 'J--‚Ä¶"
101,0.0,Wed Jan 10 16:12:12 +0000 2018,0.0,1.0,0.0,@CNN,2,"RT @Amy_Siskind: @CNN Alums from Trump‚Äôs first call to Russia:  where are they now?  All gone except Pence, whose entire senior staff bolte‚Ä¶"
102,0.0,Wed Jan 10 16:12:11 +0000 2018,0.0,1.0,0.0,@CNN,3,"RT @CNN: Jorge Ramos on Trump calling for border wall to be part of DACA deal: ""If he wants the wall, let him have the wall. It's not going‚Ä¶"
103,-0.6249,Wed Jan 10 16:12:11 +0000 2018,0.369,0.631,0.0,@CNN,4,@CNN And the racism continues with the republicans.
104,-0.5106,Wed Jan 10 16:12:11 +0000 2018,0.125,0.875,0.0,@CNN,5,"RT @CNN: ""This f------ idiot is the president. It's The Emperor's New Clothes -- the guy is a f------ fool... our baby-in-chief -- the 'J--‚Ä¶"
105,-0.2732,Wed Jan 10 16:12:10 +0000 2018,0.174,0.734,0.093,@CNN,6,@CNN DeNiro is a pig. Why do you highlight him on your supposed news channel? No wonder you lack credibility by mak‚Ä¶ https://t.co/yO2alMP5L1
106,-0.5423,Wed Jan 10 16:12:09 +0000 2018,0.259,0.741,0.0,@CNN,7,@CNN Is this how spoke with the woman he sexually harassed?
107,0.4019,Wed Jan 10 16:12:09 +0000 2018,0.0,0.844,0.156,@CNN,8,"@CNNnewsroom @CNN They all say they want Border Security, however are they willing to have someone stand guard 24/7/365? Build the Wall"
108,0.0,Wed Jan 10 16:12:09 +0000 2018,0.0,1.0,0.0,@CNN,9,@CNN Policies?????
109,0.1531,Wed Jan 10 16:12:09 +0000 2018,0.0,0.898,0.102,@CNN,10,"RT @CNN: ""Full Frontal"" host Samantha Bee has announced an ""Apology Race"" in which her team ""will travel the globe to apologize for every g‚Ä¶"
110,0.128,Wed Jan 10 16:12:08 +0000 2018,0.082,0.817,0.101,@CNN,11,"RT @CNN: Two musicians have cut business ties with H&amp;M after the fashion retailer used a young black model to promote a ""coolest monkey in‚Ä¶"
111,-0.6486,Wed Jan 10 16:12:08 +0000 2018,0.238,0.762,0.0,@CNN,12,"RT @larryelder: No, @CNN. You incorrectly state ""eight states...have legalized the recreational use of drugs."" Wrong. Those states removed‚Ä¶"
112,-0.5106,Wed Jan 10 16:12:08 +0000 2018,0.125,0.875,0.0,@CNN,13,"RT @CNN: ""This f------ idiot is the president. It's The Emperor's New Clothes -- the guy is a f------ fool... our baby-in-chief -- the 'J--‚Ä¶"
113,0.0,Wed Jan 10 16:12:07 +0000 2018,0.0,1.0,0.0,@CNN,14,RT @CNN: A Republican Kansas lawmaker has stepped down from a leadership position after he said African-Americans were more susceptible to‚Ä¶
114,-0.5106,Wed Jan 10 16:12:06 +0000 2018,0.125,0.875,0.0,@CNN,15,"RT @CNN: ""This f------ idiot is the president. It's The Emperor's New Clothes -- the guy is a f------ fool... our baby-in-chief -- the 'J--‚Ä¶"
115,-0.7003,Wed Jan 10 16:12:06 +0000 2018,0.345,0.655,0.0,@CNN,16,@CNN Too bad Robert De Niro lost his coolness and speaking this way.
116,-0.7104,Wed Jan 10 16:12:05 +0000 2018,0.412,0.588,0.0,@CNN,17,@CNN Robert D.is the IDIOT. TRUMP I THE GENIUS!!!üòÜüòÜüòÜ.
117,0.5719,Wed Jan 10 16:12:03 +0000 2018,0.0,0.619,0.381,@CNN,18,‚Äú5th Avenue Republicans‚Äù @CNN perfect term #Trump
118,-0.5106,Wed Jan 10 16:12:03 +0000 2018,0.125,0.875,0.0,@CNN,19,"RT @CNN: ""This f------ idiot is the president. It's The Emperor's New Clothes -- the guy is a f------ fool... our baby-in-chief -- the 'J--‚Ä¶"
119,0.3612,Wed Jan 10 16:12:03 +0000 2018,0.0,0.762,0.238,@CNN,20,@CNN Who is Robert Deniro?  Sounds like an asshole.
120,0.481,Wed Jan 10 16:12:01 +0000 2018,0.0,0.837,0.163,@CNN,21,@CNN I think h&amp;m is going out of business and this help them to go through with bankruptcy.
121,0.0,Wed Jan 10 16:12:00 +0000 2018,0.0,1.0,0.0,@CNN,22,Study: Ibuprofen linked to male infertility @CNN https://t.co/k3H90lmmmh
122,0.128,Wed Jan 10 16:12:00 +0000 2018,0.082,0.817,0.101,@CNN,23,"RT @CNN: Two musicians have cut business ties with H&amp;M after the fashion retailer used a young black model to promote a ""coolest monkey in‚Ä¶"
123,0.7641,Wed Jan 10 16:12:00 +0000 2018,0.0,0.721,0.279,@CNN,24,@OdessaReneRive1 @CNN @morningmika It‚Äôs not hidden racism. It‚Äôs just people trying to find racism in places where t‚Ä¶ https://t.co/30C8tjF3Xe
124,-0.0516,Wed Jan 10 16:12:00 +0000 2018,0.048,0.952,0.0,@CNN,25,RT @CNN: White House aides have been told to decide before the end of January whether they intend to leave the administration or stay throu‚Ä¶
125,0.6369,Wed Jan 10 16:11:58 +0000 2018,0.0,0.781,0.219,@CNN,26,@seanhannity @Morning_Joe @realDonaldTrump I would love to know what their ratings are for the show. @Morning_Joe‚Ä¶ https://t.co/nFhSV3QY2c
126,-0.5106,Wed Jan 10 16:11:57 +0000 2018,0.125,0.875,0.0,@CNN,27,"RT @CNN: ""This f------ idiot is the president. It's The Emperor's New Clothes -- the guy is a f------ fool... our baby-in-chief -- the 'J--‚Ä¶"
127,-0.25,Wed Jan 10 16:11:56 +0000 2018,0.123,0.794,0.083,@CNN,28,"@CNN Hey, fake news, this guy is one of your stooges. Why would rational people humor his highly selective (and per‚Ä¶ https://t.co/RB7BbvF8Ye"
128,-0.5106,Wed Jan 10 16:11:55 +0000 2018,0.125,0.875,0.0,@CNN,29,"RT @CNN: ""This f------ idiot is the president. It's The Emperor's New Clothes -- the guy is a f------ fool... our baby-in-chief -- the 'J--‚Ä¶"
129,0.0,Wed Jan 10 16:11:55 +0000 2018,0.0,1.0,0.0,@CNN,30,@CNN üëèüëèüëèüëè most of us have said some of these things about Dolt45 ourselves daily.
130,0.128,Wed Jan 10 16:11:54 +0000 2018,0.082,0.817,0.101,@CNN,31,"RT @CNN: Two musicians have cut business ties with H&amp;M after the fashion retailer used a young black model to promote a ""coolest monkey in‚Ä¶"
131,0.7579,Wed Jan 10 16:11:54 +0000 2018,0.0,0.764,0.236,@CNN,32,@CNN I only see a handsome young boy modeling a trendy hoodie. Sometimes ya‚Äôll are too much. Kudos to the kid who looks lit af üî•üî•üî•
132,0.0,Wed Jan 10 16:11:54 +0000 2018,0.0,1.0,0.0,@CNN,33,"RT @CNN: Thailand‚Äôs prime minister sets up a cardboard cutout of himself at a press event, tells reporters to direct their questions to the‚Ä¶"
133,-0.5106,Wed Jan 10 16:11:54 +0000 2018,0.125,0.875,0.0,@CNN,34,"RT @CNN: ""This f------ idiot is the president. It's The Emperor's New Clothes -- the guy is a f------ fool... our baby-in-chief -- the 'J--‚Ä¶"
134,-0.5106,Wed Jan 10 16:11:53 +0000 2018,0.125,0.875,0.0,@CNN,35,"RT @CNN: ""This f------ idiot is the president. It's The Emperor's New Clothes -- the guy is a f------ fool... our baby-in-chief -- the 'J--‚Ä¶"
135,0.25,Wed Jan 10 16:11:53 +0000 2018,0.104,0.743,0.153,@CNN,36,Say it out loud. #SteeleDossier  warned our intelligence institutions that #DonTheCon was being blackmailed by Puti‚Ä¶ https://t.co/VbjlXB6cGC
136,0.0,Wed Jan 10 16:11:53 +0000 2018,0.0,1.0,0.0,@CNN,37,"@Mmoran64 @MiteiRober @CNN I think perhaps society has moved on and it didn't cross minds. Having said that, its hu‚Ä¶ https://t.co/H9UKc5hqb2"
137,-0.1695,Wed Jan 10 16:11:52 +0000 2018,0.068,0.932,0.0,@CNN,38,RT @CNN: The US will not be prepared to defend against possible Russian meddling in the 2018 midterm elections or the 2020 presidential con‚Ä¶
138,0.0,Wed Jan 10 16:11:52 +0000 2018,0.0,1.0,0.0,@CNN,39,@FOX5Atlanta @wsbtv @cbs46 @NBCNews @NBCNewsBrand @NBCNewsTHINK @nbc @UPonMSNBC @MSNBC @MSNBCYourBiz @CNN @CNNMoney‚Ä¶ https://t.co/U3wz7eyZP8
139,-0.5106,Wed Jan 10 16:11:51 +0000 2018,0.125,0.875,0.0,@CNN,40,"RT @CNN: ""This f------ idiot is the president. It's The Emperor's New Clothes -- the guy is a f------ fool... our baby-in-chief -- the 'J--‚Ä¶"
140,0.0,Wed Jan 10 16:11:50 +0000 2018,0.0,1.0,0.0,@CNN,41,@janexbond @CNN @SenGillibrand Source?
141,-0.9442,Wed Jan 10 16:11:50 +0000 2018,0.502,0.498,0.0,@CNN,42,"@TheKookyCanuck @CNN how about liar, scumbag, sexual assault, fraud, pussy grabber. Just a few things that can be p‚Ä¶ https://t.co/w4s0mqlIrc"
142,-0.1695,Wed Jan 10 16:11:50 +0000 2018,0.068,0.932,0.0,@CNN,43,RT @CNN: The US will not be prepared to defend against possible Russian meddling in the 2018 midterm elections or the 2020 presidential con‚Ä¶
143,0.0,Wed Jan 10 16:11:48 +0000 2018,0.0,1.0,0.0,@CNN,44,"John Lennon - Imagine - Lyrics https://t.co/FBQsJucspR via @YouTube

Prayers with you @Dreamers @CNN @MSNBC"
144,-0.4215,Wed Jan 10 16:11:46 +0000 2018,0.219,0.781,0.0,@CNN,45,RT @patni1111: @Sunrise51052 @ntvnyr173 @jaketapper @CNN ‚ÄúStephen Miller Broke Jake Tapper.‚Äù üòÇ
145,0.0,Wed Jan 10 16:11:46 +0000 2018,0.0,1.0,0.0,@CNN,46,RT @CNN: A Republican Kansas lawmaker has stepped down from a leadership position after he said African-Americans were more susceptible to‚Ä¶
146,-0.0516,Wed Jan 10 16:11:43 +0000 2018,0.048,0.952,0.0,@CNN,47,RT @CNN: White House aides have been told to decide before the end of January whether they intend to leave the administration or stay throu‚Ä¶
147,0.0,Wed Jan 10 16:11:43 +0000 2018,0.0,1.0,0.0,@CNN,48,@CNN De Nero does have a way with words! And it has been matched by similar comments from Tillerson and a wide vari‚Ä¶ https://t.co/ilt7W6V4ZA
148,0.3612,Wed Jan 10 16:11:42 +0000 2018,0.0,0.706,0.294,@CNN,49,@CNN Nothing like having your own opinions.
149,-0.4588,Wed Jan 10 16:11:41 +0000 2018,0.103,0.897,0.0,@CNN,50,RT @MSNBCPR: .@Morning_Joe sets the pace for the day and kicks off the 1st week of 2018 by beating @CNN in total viewers for the 60th week‚Ä¶
150,0.0,Wed Jan 10 16:11:39 +0000 2018,0.0,1.0,0.0,@CNN,51,@thescarfaceguy @CNN @carriesheffield @CNNOpinion Is there dishonesty in politics on both sides? Absolutely. But 45‚Ä¶ https://t.co/VodKISbgVX
151,0.0,Wed Jan 10 16:11:39 +0000 2018,0.0,1.0,0.0,@CNN,52,"@Turntablez @CNN De Niro, Oprah, Weinstein, @BillClinton all birds of the same deviant left feather."
152,0.0,Wed Jan 10 16:11:39 +0000 2018,0.0,1.0,0.0,@CNN,53,@CNN https://t.co/yMDNdipwV8
153,0.0,Wed Jan 10 16:11:38 +0000 2018,0.0,1.0,0.0,@CNN,54,RT @CNN: A Republican Kansas lawmaker has stepped down from a leadership position after he said African-Americans were more susceptible to‚Ä¶
154,0.3923,Wed Jan 10 16:11:38 +0000 2018,0.053,0.832,0.115,@CNN,55,@CNN  COME ON!?  How hard can this be?  You can just play the 100s of tapes with him using those words.  You don't‚Ä¶ https://t.co/4HAnmJ9PhY
155,0.0,Wed Jan 10 16:11:37 +0000 2018,0.0,1.0,0.0,@CNN,56,RT @CNN: Oprah built her multibillion-dollar career on her everywoman persona. But the reality is she's one of the savviest business execut‚Ä¶
156,-0.0516,Wed Jan 10 16:11:37 +0000 2018,0.048,0.952,0.0,@CNN,57,RT @CNN: White House aides have been told to decide before the end of January whether they intend to leave the administration or stay throu‚Ä¶
157,0.128,Wed Jan 10 16:11:37 +0000 2018,0.082,0.817,0.101,@CNN,58,"RT @CNN: Two musicians have cut business ties with H&amp;M after the fashion retailer used a young black model to promote a ""coolest monkey in‚Ä¶"
158,0.4404,Wed Jan 10 16:11:33 +0000 2018,0.0,0.838,0.162,@CNN,59,@katelynveronica @CNN I know that the vast majority of you Trump supporters aren't the most educated... https://t.co/p8yoSDraHE
159,0.0,Wed Jan 10 16:11:33 +0000 2018,0.0,1.0,0.0,@CNN,60,@CNN Bravo üëèüèæüëèüèæüëèüèæ
160,0.2263,Wed Jan 10 16:11:32 +0000 2018,0.0,0.917,0.083,@CNN,61,"@CNN Why would anyone think this way? It is true that genetically, we are different, but in reality, human beings a‚Ä¶ https://t.co/TaXFcWt7OV"
161,-0.7003,Wed Jan 10 16:11:31 +0000 2018,0.244,0.756,0.0,@CNN,62,@VanJones68 @CNN @kayleighmcenany Shame on you Van.  She is Part of the problem.  You have earned one less follower today.
162,0.4973,Wed Jan 10 16:11:29 +0000 2018,0.0,0.877,0.123,@CNN,63,@Gvolz89 @olivia_searcy @CNN or maybe only them were not racist at all unlike many people now and didn't look that black kid as a monkey
163,0.0,Wed Jan 10 16:11:29 +0000 2018,0.0,1.0,0.0,@CNN,64,@CNN As rush would say ‚Äú DITTO‚Äù
164,0.25,Wed Jan 10 16:11:28 +0000 2018,0.161,0.593,0.246,@CNN,65,Just as a suspected a quack -thanks @cnn and @yale https://t.co/uI1EzrX0jL
165,-0.1695,Wed Jan 10 16:11:28 +0000 2018,0.068,0.932,0.0,@CNN,66,RT @CNN: The US will not be prepared to defend against possible Russian meddling in the 2018 midterm elections or the 2020 presidential con‚Ä¶
166,-0.5106,Wed Jan 10 16:11:27 +0000 2018,0.125,0.875,0.0,@CNN,67,"RT @CNN: ""This f------ idiot is the president. It's The Emperor's New Clothes -- the guy is a f------ fool... our baby-in-chief -- the 'J--‚Ä¶"
167,-0.5106,Wed Jan 10 16:11:27 +0000 2018,0.125,0.875,0.0,@CNN,68,"RT @CNN: ""This f------ idiot is the president. It's The Emperor's New Clothes -- the guy is a f------ fool... our baby-in-chief -- the 'J--‚Ä¶"
168,-0.5562,Wed Jan 10 16:11:24 +0000 2018,0.545,0.455,0.0,@CNN,69,@CNN What an idiot!
169,0.4199,Wed Jan 10 16:11:24 +0000 2018,0.0,0.834,0.166,@CNN,70,@CNN Someone needs to grab trump by the pussy so he knows what it‚Äôs like!
170,0.2732,Wed Jan 10 16:11:24 +0000 2018,0.0,0.877,0.123,@CNN,71,"@mspoint1106 @kls_62 @CNN @MSNBC @SenFeinstein Agreed. The chyrons were all ""Feinstein released transcripts"" -- the‚Ä¶ https://t.co/r6qWob963B"
171,0.4404,Wed Jan 10 16:11:24 +0000 2018,0.084,0.727,0.189,@CNN,72,RT @DriverWrites: File under - when random men send me critical emails about my @CNN articles &amp; treat a woman with a Ph.D. like a girl: ‚ÄúMo‚Ä¶
172,-0.2942,Wed Jan 10 16:11:23 +0000 2018,0.114,0.886,0.0,@CNN,73,"@CNN @PoppyHarlowCNN whining about WH edits to transcript, then turns around and edits Pres. Trump's tweet! Harlow‚Ä¶ https://t.co/HRag7MNp8D"
173,0.0,Wed Jan 10 16:11:23 +0000 2018,0.0,1.0,0.0,@CNN,74,"RT @CNN: Thailand‚Äôs prime minister sets up a cardboard cutout of himself at a press event, tells reporters to direct their questions to the‚Ä¶"
174,0.0,Wed Jan 10 16:11:23 +0000 2018,0.0,1.0,0.0,@CNN,75,@GrandpaPat1964 @CNN You‚Äôre probably in your mids 50s? I can already see you dementia kicking in man.
175,-0.0516,Wed Jan 10 16:11:22 +0000 2018,0.048,0.952,0.0,@CNN,76,RT @CNN: White House aides have been told to decide before the end of January whether they intend to leave the administration or stay throu‚Ä¶
176,0.2732,Wed Jan 10 16:11:21 +0000 2018,0.0,0.9,0.1,@CNN,77,@_AntiTrump_ @sparesoul @banke718 @CNN @DNC How much of a tool do you need to be to create a anti-trump twitter ID‚Ä¶ https://t.co/XCzYskXras
177,0.0,Wed Jan 10 16:11:20 +0000 2018,0.0,1.0,0.0,@CNN,78,@CNN https://t.co/yMDNdiH8jI
178,0.6486,Wed Jan 10 16:11:18 +0000 2018,0.0,0.782,0.218,@CNN,79,"RT @CNN: With a net worth of more than $105 billion, Jeff Bezos is now the richest person in history https://t.co/vdKtLwkBUE https://t.co/x‚Ä¶"
179,-0.5106,Wed Jan 10 16:11:18 +0000 2018,0.125,0.875,0.0,@CNN,80,"RT @CNN: ""This f------ idiot is the president. It's The Emperor's New Clothes -- the guy is a f------ fool... our baby-in-chief -- the 'J--‚Ä¶"
180,0.0,Wed Jan 10 16:11:15 +0000 2018,0.0,1.0,0.0,@CNN,81,WHY isnt @GOPChairwoman Ronna McDaniel being called before #media in interviews &amp; articles to explain the Republica‚Ä¶ https://t.co/BACQlkrBfi
181,-0.3566,Wed Jan 10 16:11:15 +0000 2018,0.184,0.816,0.0,@CNN,82,@CNN Probably because most states refused to turn it over to them.
182,-0.4215,Wed Jan 10 16:11:15 +0000 2018,0.203,0.797,0.0,@CNN,83,RT @CNN: These images show the mudslide devastation in California https://t.co/f12hBFnhGk https://t.co/6VlvJn5Oo2
183,-0.1695,Wed Jan 10 16:11:14 +0000 2018,0.068,0.932,0.0,@CNN,84,RT @CNN: The US will not be prepared to defend against possible Russian meddling in the 2018 midterm elections or the 2020 presidential con‚Ä¶
184,0.0,Wed Jan 10 16:11:14 +0000 2018,0.0,1.0,0.0,@CNN,85,@CNN Don't throw out the baby with the bath water
185,-0.1695,Wed Jan 10 16:11:12 +0000 2018,0.068,0.932,0.0,@CNN,86,RT @CNN: The US will not be prepared to defend against possible Russian meddling in the 2018 midterm elections or the 2020 presidential con‚Ä¶
186,-0.1695,Wed Jan 10 16:11:11 +0000 2018,0.068,0.932,0.0,@CNN,87,RT @CNN: The US will not be prepared to defend against possible Russian meddling in the 2018 midterm elections or the 2020 presidential con‚Ä¶
187,-0.2263,Wed Jan 10 16:11:10 +0000 2018,0.091,0.909,0.0,@CNN,88,@CNN Typical Demotard actor with a limited vocabulary and Brain. This what happens when they do not have a script t‚Ä¶ https://t.co/0wtL8N90Ql
188,0.0,Wed Jan 10 16:11:10 +0000 2018,0.0,1.0,0.0,@CNN,89,@CNN https://t.co/2kRNMbv1wS
189,0.0,Wed Jan 10 16:11:10 +0000 2018,0.0,1.0,0.0,@CNN,90,@JenKoz4 @CNN cnn just wants ratings/$$$
190,-0.0516,Wed Jan 10 16:11:09 +0000 2018,0.048,0.952,0.0,@CNN,91,RT @CNN: White House aides have been told to decide before the end of January whether they intend to leave the administration or stay throu‚Ä¶
191,-0.5106,Wed Jan 10 16:11:08 +0000 2018,0.292,0.708,0.0,@CNN,92,@CNN Look in the mirror to see a bigger idiot
192,0.0,Wed Jan 10 16:12:14 +0000 2018,0.0,1.0,0.0,@CNN,93,@CNN Hahahahahahaha
193,-0.5106,Wed Jan 10 16:12:13 +0000 2018,0.125,0.875,0.0,@CNN,94,"RT @CNN: ""This f------ idiot is the president. It's The Emperor's New Clothes -- the guy is a f------ fool... our baby-in-chief -- the 'J--‚Ä¶"
194,0.0,Wed Jan 10 16:12:12 +0000 2018,0.0,1.0,0.0,@CNN,95,"RT @Amy_Siskind: @CNN Alums from Trump‚Äôs first call to Russia:  where are they now?  All gone except Pence, whose entire senior staff bolte‚Ä¶"
195,0.0,Wed Jan 10 16:12:11 +0000 2018,0.0,1.0,0.0,@CNN,96,"RT @CNN: Jorge Ramos on Trump calling for border wall to be part of DACA deal: ""If he wants the wall, let him have the wall. It's not going‚Ä¶"
196,-0.6249,Wed Jan 10 16:12:11 +0000 2018,0.369,0.631,0.0,@CNN,97,@CNN And the racism continues with the republicans.
197,-0.5106,Wed Jan 10 16:12:11 +0000 2018,0.125,0.875,0.0,@CNN,98,"RT @CNN: ""This f------ idiot is the president. It's The Emperor's New Clothes -- the guy is a f------ fool... our baby-in-chief -- the 'J--‚Ä¶"
198,-0.2732,Wed Jan 10 16:12:10 +0000 2018,0.174,0.734,0.093,@CNN,99,@CNN DeNiro is a pig. Why do you highlight him on your supposed news channel? No wonder you lack credibility by mak‚Ä¶ https://t.co/yO2alMP5L1
199,-0.5423,Wed Jan 10 16:12:09 +0000 2018,0.259,0.741,0.0,@CNN,100,@CNN Is this how spoke with the woman he sexually harassed?
200,0.4215,Wed Jan 10 16:12:12 +0000 2018,0.0,0.882,0.118,@CBSNews,1,"RT @CBSNews: AVALANCHE: Webcam captures the moment a powerful avalanche hit the Swiss Alps, trapping about 13,000 people in the area on Thu‚Ä¶"
201,-0.5994,Wed Jan 10 16:12:12 +0000 2018,0.145,0.855,0.0,@CBSNews,2,"RT @CBSNews: It's so hot in Australia right now, bats are frying to death. ‚ÄúThey basically boil...their brain just fries and they become in‚Ä¶"
202,0.5198,Wed Jan 10 16:12:10 +0000 2018,0.0,0.749,0.251,@CBSNews,3,@t_mrbarnett5918 @Qubaeley @stacey_toole @BraydenHall7 @MillenialReRum @JoshHarris25 @CBSNews Most are. Very true.
203,0.1027,Wed Jan 10 16:12:07 +0000 2018,0.0,0.94,0.06,@CBSNews,4,"RT @CBSNews: ""Are you kidding me... you just pushed me to the floor."" A teacher was forcibly removed and handcuffed after speaking up about‚Ä¶"
204,0.0,Wed Jan 10 16:12:01 +0000 2018,0.0,1.0,0.0,@CBSNews,5,@CBSNews https://t.co/LmjE4RCyfv
205,0.0,Wed Jan 10 16:11:57 +0000 2018,0.0,1.0,0.0,@CBSNews,6,RT @CBSNews: White House tells aides to decide whether they're staying in 2018 https://t.co/cSsLKusXPM https://t.co/QN0y8ybJZi
206,0.4215,Wed Jan 10 16:11:55 +0000 2018,0.0,0.882,0.118,@CBSNews,7,"RT @CBSNews: AVALANCHE: Webcam captures the moment a powerful avalanche hit the Swiss Alps, trapping about 13,000 people in the area on Thu‚Ä¶"
207,0.1027,Wed Jan 10 16:11:54 +0000 2018,0.0,0.94,0.06,@CBSNews,8,"RT @CBSNews: ""Are you kidding me... you just pushed me to the floor."" A teacher was forcibly removed and handcuffed after speaking up about‚Ä¶"
208,-0.4215,Wed Jan 10 16:11:43 +0000 2018,0.737,0.263,0.0,@CBSNews,9,@CBSNews Guilty
209,0.0,Wed Jan 10 16:11:42 +0000 2018,0.0,1.0,0.0,@CBSNews,10,@CBSNews Sen. Matt Huffman outlining a proposal to change Ohio's congressional redistricting process that gives leg‚Ä¶ https://t.co/s8cNApXgfm
210,-0.3182,Wed Jan 10 16:11:42 +0000 2018,0.119,0.881,0.0,@CBSNews,11,"RT @JoeBartholomew3: @NkissChick @OwenGrandma @CBSNews Canadian seal hunting, flooding the south shores of lake Ontario, and dumping medica‚Ä¶"
211,0.0,Wed Jan 10 16:11:41 +0000 2018,0.0,1.0,0.0,@CBSNews,12,"RT @rodsandguitars: @RedHatGeek @2ANow @realDonaldTrump @cnnbrk @MSNBC @nytimes @CBSNews @ABC @NBCNews @washingtonpost And those ""journalis‚Ä¶"
212,0.1027,Wed Jan 10 16:11:39 +0000 2018,0.0,0.94,0.06,@CBSNews,13,"RT @CBSNews: ""Are you kidding me... you just pushed me to the floor."" A teacher was forcibly removed and handcuffed after speaking up about‚Ä¶"
213,-0.3182,Wed Jan 10 16:11:34 +0000 2018,0.126,0.874,0.0,@CBSNews,14,"@NkissChick @OwenGrandma @CBSNews Canadian seal hunting, flooding the south shores of lake Ontario, and dumping med‚Ä¶ https://t.co/6DgJyDnIwZ"
214,0.1027,Wed Jan 10 16:11:24 +0000 2018,0.0,0.94,0.06,@CBSNews,15,"RT @CBSNews: ""Are you kidding me... you just pushed me to the floor."" A teacher was forcibly removed and handcuffed after speaking up about‚Ä¶"
215,0.0,Wed Jan 10 16:11:21 +0000 2018,0.0,1.0,0.0,@CBSNews,16,RT @CBSNews: White House tells aides to decide whether they're staying in 2018 https://t.co/cSsLKusXPM https://t.co/QN0y8ybJZi
216,0.0,Wed Jan 10 16:11:20 +0000 2018,0.0,1.0,0.0,@CBSNews,17,@Ericcamara6 @CBSNews @Jerickaduncan @Sethrogen https://t.co/X0Sh5Cbxg9. One of the accusers said this.
217,0.0,Wed Jan 10 16:11:07 +0000 2018,0.0,1.0,0.0,@CBSNews,18,RT @CBSNews: President Trump‚Äôs former chief strategist Steve Bannon is leaving the media world. He stepped down as executive chairman of  B‚Ä¶
218,0.1027,Wed Jan 10 16:11:03 +0000 2018,0.0,0.94,0.06,@CBSNews,19,"RT @CBSNews: ""Are you kidding me... you just pushed me to the floor."" A teacher was forcibly removed and handcuffed after speaking up about‚Ä¶"
219,0.0772,Wed Jan 10 16:10:59 +0000 2018,0.0,0.944,0.056,@CBSNews,20,"RT @CBSNews: .@GayleKing: What did you want to say about Chicago?
@LenaWaithe: I just really wanted to say that it‚Äôs not a jungle... That e‚Ä¶"
220,-0.6908,Wed Jan 10 16:10:59 +0000 2018,0.268,0.642,0.091,@CBSNews,21,"RT @Robert1288: @CBSNews @CBSThisMorning I wrote a high school play once. It was about ‚ÄúInternational spies, the Cold War, and stolen paint‚Ä¶"
221,-0.4215,Wed Jan 10 16:10:59 +0000 2018,0.174,0.826,0.0,@CBSNews,22,RT @CBSNews: A Louisiana school board is under fire after a teacher was forcibly removed from a board meeting after questioning the superin‚Ä¶
222,0.1027,Wed Jan 10 16:10:52 +0000 2018,0.0,0.94,0.06,@CBSNews,23,"RT @CBSNews: ""Are you kidding me... you just pushed me to the floor."" A teacher was forcibly removed and handcuffed after speaking up about‚Ä¶"
223,-0.3818,Wed Jan 10 16:10:52 +0000 2018,0.173,0.714,0.113,@CBSNews,24,"@CBSNews This honestly is exactly how I feel about the school budget why the hell couldn't they use that $38,000 to‚Ä¶ https://t.co/D0lWjGtcap"
224,-0.4215,Wed Jan 10 16:10:45 +0000 2018,0.174,0.826,0.0,@CBSNews,25,RT @CBSNews: A Louisiana school board is under fire after a teacher was forcibly removed from a board meeting after questioning the superin‚Ä¶
225,0.0,Wed Jan 10 16:10:42 +0000 2018,0.0,1.0,0.0,@CBSNews,26,@JohnMRinaldi @CBSNews @Jerickaduncan This is one of the accusers tweets.
226,-0.264,Wed Jan 10 16:10:38 +0000 2018,0.507,0.493,0.0,@CBSNews,27,@CBSNews Seriously?? ü§¶‚Äç‚ôÇÔ∏è
227,-0.4019,Wed Jan 10 16:10:33 +0000 2018,0.137,0.863,0.0,@CBSNews,28,RT @joecolon2011: @dieseldog73 @djhurls803 @CBSNews @ForeverLogical @NEAMedia This statement is part of the problem in this country. Unions‚Ä¶
228,0.4215,Wed Jan 10 16:10:31 +0000 2018,0.0,0.882,0.118,@CBSNews,29,"RT @CBSNews: AVALANCHE: Webcam captures the moment a powerful avalanche hit the Swiss Alps, trapping about 13,000 people in the area on Thu‚Ä¶"
229,0.3612,Wed Jan 10 16:10:27 +0000 2018,0.0,0.902,0.098,@CBSNews,30,RT @FranticSnail: @CBSNews Sounds like Anthony Fontana needs to be removed from his position if he can't bear to listen to teachers at a sc‚Ä¶
230,0.0,Wed Jan 10 16:10:24 +0000 2018,0.0,1.0,0.0,@CBSNews,31,"RT @Peterpan9166: @CBSNews Here is a link to view the full 12 minute video
https://t.co/tQk0c4K8ju"
231,0.0,Wed Jan 10 16:10:15 +0000 2018,0.0,1.0,0.0,@CBSNews,32,"RT @CBSNews: Oprah, trudging through ankle-deep mud, captured the aftermath of mudslides in her Santa Barbara neighborhood. The deadly muds‚Ä¶"
232,0.4663,Wed Jan 10 16:10:10 +0000 2018,0.17,0.493,0.337,@CBSNews,33,@CBSNews This really should be so easy.  These are innocent children.  Sad.
233,0.0,Wed Jan 10 16:10:09 +0000 2018,0.0,1.0,0.0,@CBSNews,34,@JohnMRinaldi @CBSNews @Jerickaduncan See this and RT.  Spread the word.  https://t.co/X0Sh5Cbxg9
234,0.1027,Wed Jan 10 16:10:03 +0000 2018,0.0,0.94,0.06,@CBSNews,35,"RT @CBSNews: ""Are you kidding me... you just pushed me to the floor."" A teacher was forcibly removed and handcuffed after speaking up about‚Ä¶"
235,0.1027,Wed Jan 10 16:10:01 +0000 2018,0.0,0.94,0.06,@CBSNews,36,"RT @CBSNews: ""Are you kidding me... you just pushed me to the floor."" A teacher was forcibly removed and handcuffed after speaking up about‚Ä¶"
236,0.1027,Wed Jan 10 16:10:00 +0000 2018,0.0,0.94,0.06,@CBSNews,37,"RT @CBSNews: ""Are you kidding me... you just pushed me to the floor."" A teacher was forcibly removed and handcuffed after speaking up about‚Ä¶"
237,0.5106,Wed Jan 10 16:09:47 +0000 2018,0.0,0.82,0.18,@CBSNews,38,RT @CBSNews: CLARIFICATION: U.S. Coast Guard rescue of family took place in Santa Barbara County https://t.co/2s83tBS2Z7
238,0.1027,Wed Jan 10 16:09:44 +0000 2018,0.0,0.94,0.06,@CBSNews,39,"RT @CBSNews: ""Are you kidding me... you just pushed me to the floor."" A teacher was forcibly removed and handcuffed after speaking up about‚Ä¶"
239,0.3182,Wed Jan 10 16:09:43 +0000 2018,0.0,0.913,0.087,@CBSNews,40,RT @CBSNews: WATCH: The U.S. Coast Guard rescues a family of five -- including a newborn and two dogs -- after their San Diego home was ove‚Ä¶
240,0.3597,Wed Jan 10 16:09:41 +0000 2018,0.0,0.878,0.122,@CBSNews,41,"RT @CBSNews: Pres. Trump's pronouncement of being a ""very stable genius"" prompted one Democratic lawmaker to unveil legislation requiring p‚Ä¶"
241,0.4215,Wed Jan 10 16:09:40 +0000 2018,0.0,0.882,0.118,@CBSNews,42,"RT @CBSNews: AVALANCHE: Webcam captures the moment a powerful avalanche hit the Swiss Alps, trapping about 13,000 people in the area on Thu‚Ä¶"
242,0.6369,Wed Jan 10 16:09:36 +0000 2018,0.0,0.792,0.208,@CBSNews,43,@CBSNews One of the best representations to show people that an avalanche is not all fluffy snow
243,0.4215,Wed Jan 10 16:09:32 +0000 2018,0.0,0.882,0.118,@CBSNews,44,"RT @CBSNews: AVALANCHE: Webcam captures the moment a powerful avalanche hit the Swiss Alps, trapping about 13,000 people in the area on Thu‚Ä¶"
244,0.4215,Wed Jan 10 16:09:31 +0000 2018,0.0,0.882,0.118,@CBSNews,45,"RT @CBSNews: AVALANCHE: Webcam captures the moment a powerful avalanche hit the Swiss Alps, trapping about 13,000 people in the area on Thu‚Ä¶"
245,0.0,Wed Jan 10 16:09:30 +0000 2018,0.0,1.0,0.0,@CBSNews,46,RT @Koalaburger: @dieseldog73 @djhurls803 @CBSNews @ForeverLogical @NEAMedia Which is why the middle class is disappearing and the 1% are t‚Ä¶
246,0.1027,Wed Jan 10 16:09:27 +0000 2018,0.0,0.94,0.06,@CBSNews,47,"RT @CBSNews: ""Are you kidding me... you just pushed me to the floor."" A teacher was forcibly removed and handcuffed after speaking up about‚Ä¶"
247,-0.1027,Wed Jan 10 16:09:24 +0000 2018,0.072,0.928,0.0,@CBSNews,48,"@Baconlvr23 @CBSNews @Jerickaduncan He's not leftist, he just pretends to be to keep his career.  Try watching his‚Ä¶ https://t.co/lyGo5HTMGl"
248,-0.7096,Wed Jan 10 16:09:20 +0000 2018,0.747,0.253,0.0,@CBSNews,49,@CBSNews Worthless coward cop
249,0.1027,Wed Jan 10 16:09:17 +0000 2018,0.0,0.94,0.06,@CBSNews,50,"RT @CBSNews: ""Are you kidding me... you just pushed me to the floor."" A teacher was forcibly removed and handcuffed after speaking up about‚Ä¶"
250,-0.4588,Wed Jan 10 16:09:11 +0000 2018,0.231,0.769,0.0,@CBSNews,51,"@CBSNews Outrageous. And, it isn't a gender thing, it's a police state thing."
251,0.0,Wed Jan 10 16:09:00 +0000 2018,0.0,1.0,0.0,@CBSNews,52,"RT @CBSNews: Oprah, trudging through ankle-deep mud, captured the aftermath of mudslides in her Santa Barbara neighborhood. The deadly muds‚Ä¶"
252,0.4215,Wed Jan 10 16:08:59 +0000 2018,0.0,0.882,0.118,@CBSNews,53,"RT @CBSNews: AVALANCHE: Webcam captures the moment a powerful avalanche hit the Swiss Alps, trapping about 13,000 people in the area on Thu‚Ä¶"
253,0.1027,Wed Jan 10 16:08:58 +0000 2018,0.0,0.94,0.06,@CBSNews,54,"RT @CBSNews: ""Are you kidding me... you just pushed me to the floor."" A teacher was forcibly removed and handcuffed after speaking up about‚Ä¶"
254,0.0516,Wed Jan 10 16:08:50 +0000 2018,0.145,0.702,0.153,@CBSNews,55,@RedHatGeek @realDonaldTrump @cnnbrk @MSNBC @nytimes @CBSNews @ABC @NBCNews @washingtonpost Imagine how bad it would be if HRC had won
255,0.1027,Wed Jan 10 16:08:49 +0000 2018,0.0,0.94,0.06,@CBSNews,56,"RT @CBSNews: ""Are you kidding me... you just pushed me to the floor."" A teacher was forcibly removed and handcuffed after speaking up about‚Ä¶"
256,0.0,Wed Jan 10 16:08:49 +0000 2018,0.0,1.0,0.0,@CBSNews,57,@CNN @MSNBC @NPR @ABC @NBCNews @CBSNews @nytimes @washingtonpost @bpolitics @thehill @Reuters https://t.co/T8aiTAlTS7
257,0.0,Wed Jan 10 16:08:38 +0000 2018,0.0,1.0,0.0,@CBSNews,58,"RT @MatthewStover7: @NBCNews
@nprpolitics
@CBSNews
@ABC
#FollowTheWhiteRabbit https://t.co/0cPSLpgc3H"
258,0.0,Wed Jan 10 16:08:33 +0000 2018,0.0,1.0,0.0,@CBSNews,59,Meryl Streep talks about how Mariah Carey stole her seat at... https://t.co/NQA1xiXpOO via @CBSNews https://t.co/id02EFepq3
259,0.1027,Wed Jan 10 16:08:32 +0000 2018,0.0,0.94,0.06,@CBSNews,60,"RT @CBSNews: ""Are you kidding me... you just pushed me to the floor."" A teacher was forcibly removed and handcuffed after speaking up about‚Ä¶"
260,0.1027,Wed Jan 10 16:08:28 +0000 2018,0.0,0.94,0.06,@CBSNews,61,"RT @CBSNews: ""Are you kidding me... you just pushed me to the floor."" A teacher was forcibly removed and handcuffed after speaking up about‚Ä¶"
261,-0.34,Wed Jan 10 16:08:21 +0000 2018,0.088,0.912,0.0,@CBSNews,62,@CBSNews Also it seems to me he was ordered to arrest her.  Why did the board make that order? I think that is the real issue here.
262,0.1027,Wed Jan 10 16:08:19 +0000 2018,0.0,0.94,0.06,@CBSNews,63,"RT @CBSNews: ""Are you kidding me... you just pushed me to the floor."" A teacher was forcibly removed and handcuffed after speaking up about‚Ä¶"
263,0.4215,Wed Jan 10 16:08:19 +0000 2018,0.0,0.882,0.118,@CBSNews,64,"RT @CBSNews: AVALANCHE: Webcam captures the moment a powerful avalanche hit the Swiss Alps, trapping about 13,000 people in the area on Thu‚Ä¶"
264,0.3612,Wed Jan 10 16:08:18 +0000 2018,0.0,0.783,0.217,@CBSNews,65,@leonardjfrench @CBSNews I feel like I've heard Andy Savage's name before.
265,0.1027,Wed Jan 10 16:08:15 +0000 2018,0.0,0.94,0.06,@CBSNews,66,"RT @CBSNews: ""Are you kidding me... you just pushed me to the floor."" A teacher was forcibly removed and handcuffed after speaking up about‚Ä¶"
266,0.4463,Wed Jan 10 16:08:11 +0000 2018,0.0,0.853,0.147,@CBSNews,67,@CBSNews Not that this isn‚Äôt a ‚Äúfun‚Äù conversation but aren‚Äôt there more important things going on in the world?!
267,0.1027,Wed Jan 10 16:08:11 +0000 2018,0.0,0.94,0.06,@CBSNews,68,"RT @CBSNews: ""Are you kidding me... you just pushed me to the floor."" A teacher was forcibly removed and handcuffed after speaking up about‚Ä¶"
268,0.0,Wed Jan 10 16:08:10 +0000 2018,0.0,1.0,0.0,@CBSNews,69,"RT @JoeBartholomew3: @OwenGrandma @NkissChick @CBSNews And Justin trudeau's policy on Lake Ontario is flooding the South shores, the Americ‚Ä¶"
269,0.0,Wed Jan 10 16:08:09 +0000 2018,0.0,1.0,0.0,@CBSNews,70,@CordnerLee @CBSNews @CBSSF @Jerickaduncan https://t.co/X0Sh5Cbxg9
270,0.4215,Wed Jan 10 16:08:04 +0000 2018,0.0,0.882,0.118,@CBSNews,71,"RT @CBSNews: AVALANCHE: Webcam captures the moment a powerful avalanche hit the Swiss Alps, trapping about 13,000 people in the area on Thu‚Ä¶"
271,0.1027,Wed Jan 10 16:08:02 +0000 2018,0.0,0.94,0.06,@CBSNews,72,"RT @CBSNews: ""Are you kidding me... you just pushed me to the floor."" A teacher was forcibly removed and handcuffed after speaking up about‚Ä¶"
272,0.1027,Wed Jan 10 16:08:01 +0000 2018,0.0,0.94,0.06,@CBSNews,73,"RT @CBSNews: ""Are you kidding me... you just pushed me to the floor."" A teacher was forcibly removed and handcuffed after speaking up about‚Ä¶"
273,-0.3818,Wed Jan 10 16:07:57 +0000 2018,0.206,0.794,0.0,@CBSNews,74,"@CBSNews @Jerickaduncan Again, doing your job for you.  https://t.co/X0Sh5Cbxg9. She lied."
274,0.1027,Wed Jan 10 16:07:57 +0000 2018,0.0,0.94,0.06,@CBSNews,75,"RT @CBSNews: ""Are you kidding me... you just pushed me to the floor."" A teacher was forcibly removed and handcuffed after speaking up about‚Ä¶"
275,0.4215,Wed Jan 10 16:07:55 +0000 2018,0.0,0.882,0.118,@CBSNews,76,"RT @CBSNews: AVALANCHE: Webcam captures the moment a powerful avalanche hit the Swiss Alps, trapping about 13,000 people in the area on Thu‚Ä¶"
276,0.0,Wed Jan 10 16:07:55 +0000 2018,0.0,1.0,0.0,@CBSNews,77,"@OwenGrandma @NkissChick @CBSNews And Justin trudeau's policy on Lake Ontario is flooding the South shores, the Ame‚Ä¶ https://t.co/2m6V7wr8hW"
277,0.7513,Wed Jan 10 16:07:54 +0000 2018,0.0,0.156,0.844,@CBSNews,78,@CBSNews WOW!!!
278,0.1027,Wed Jan 10 16:07:47 +0000 2018,0.0,0.94,0.06,@CBSNews,79,"RT @CBSNews: ""Are you kidding me... you just pushed me to the floor."" A teacher was forcibly removed and handcuffed after speaking up about‚Ä¶"
279,0.0,Wed Jan 10 16:07:43 +0000 2018,0.0,1.0,0.0,@CBSNews,80,".
If you fancy a real ""#GetAwayFromItAll"" vacation why not try #StHelena in the middle of the South Atlantic
Not th‚Ä¶ https://t.co/0PZe8zRzAu"
280,0.1027,Wed Jan 10 16:07:41 +0000 2018,0.0,0.94,0.06,@CBSNews,81,"RT @CBSNews: ""Are you kidding me... you just pushed me to the floor."" A teacher was forcibly removed and handcuffed after speaking up about‚Ä¶"
281,0.3182,Wed Jan 10 16:07:41 +0000 2018,0.0,0.881,0.119,@CBSNews,82,@CBSNews The entire nation should legalize marijuana for recreational use and medical use.  That would increase the‚Ä¶ https://t.co/lRLa0ghyp2
282,-0.5994,Wed Jan 10 16:07:38 +0000 2018,0.145,0.855,0.0,@CBSNews,83,"RT @CBSNews: It's so hot in Australia right now, bats are frying to death. ‚ÄúThey basically boil...their brain just fries and they become in‚Ä¶"
283,-0.3612,Wed Jan 10 16:07:36 +0000 2018,0.122,0.878,0.0,@CBSNews,84,RT @nvrggivup: #stablegenius we see @CNN @cnnbrk @cnni @CNNPolitics @MSNBC @maddow @ABC @ABCNetwork @CBSNews @CBS @NBCNews is unstable. Use‚Ä¶
284,0.1027,Wed Jan 10 16:07:35 +0000 2018,0.0,0.94,0.06,@CBSNews,85,"RT @CBSNews: ""Are you kidding me... you just pushed me to the floor."" A teacher was forcibly removed and handcuffed after speaking up about‚Ä¶"
285,-0.34,Wed Jan 10 16:07:35 +0000 2018,0.124,0.876,0.0,@CBSNews,86,RT @CBSNews: DEVELOPING: Fire at New York City's Trump Tower; aerial views show firefighters on the roof https://t.co/LBqYMCa1kG
286,0.4215,Wed Jan 10 16:07:34 +0000 2018,0.0,0.882,0.118,@CBSNews,87,"RT @CBSNews: AVALANCHE: Webcam captures the moment a powerful avalanche hit the Swiss Alps, trapping about 13,000 people in the area on Thu‚Ä¶"
287,0.1027,Wed Jan 10 16:07:32 +0000 2018,0.0,0.94,0.06,@CBSNews,88,"RT @CBSNews: ""Are you kidding me... you just pushed me to the floor."" A teacher was forcibly removed and handcuffed after speaking up about‚Ä¶"
288,0.0,Wed Jan 10 16:07:31 +0000 2018,0.0,1.0,0.0,@CBSNews,89,RT @CBSNews: White House tells aides to decide whether they're staying in 2018 https://t.co/cSsLKusXPM https://t.co/QN0y8ybJZi
289,-0.4981,Wed Jan 10 16:07:28 +0000 2018,0.159,0.841,0.0,@CBSNews,90,"RT @GraceTiscareno: @ArcticFox_am_I @Peterpan9166 @Sandy81798642 @CBSNews Remain silent? 

Fuckkk that! 

This is the USA. You have NO righ‚Ä¶"
290,0.0,Wed Jan 10 16:07:17 +0000 2018,0.102,0.795,0.102,@CBSNews,91,"RT @ArcticFox_am_I: @Peterpan9166 @Sandy81798642 @CBSNews Yes, in MO it is the same for teachers. You have to remain silent, or lose your j‚Ä¶"
291,0.4215,Wed Jan 10 16:12:12 +0000 2018,0.0,0.882,0.118,@CBSNews,92,"RT @CBSNews: AVALANCHE: Webcam captures the moment a powerful avalanche hit the Swiss Alps, trapping about 13,000 people in the area on Thu‚Ä¶"
292,-0.5994,Wed Jan 10 16:12:12 +0000 2018,0.145,0.855,0.0,@CBSNews,93,"RT @CBSNews: It's so hot in Australia right now, bats are frying to death. ‚ÄúThey basically boil...their brain just fries and they become in‚Ä¶"
293,0.5198,Wed Jan 10 16:12:10 +0000 2018,0.0,0.749,0.251,@CBSNews,94,@t_mrbarnett5918 @Qubaeley @stacey_toole @BraydenHall7 @MillenialReRum @JoshHarris25 @CBSNews Most are. Very true.
294,0.1027,Wed Jan 10 16:12:07 +0000 2018,0.0,0.94,0.06,@CBSNews,95,"RT @CBSNews: ""Are you kidding me... you just pushed me to the floor."" A teacher was forcibly removed and handcuffed after speaking up about‚Ä¶"
295,0.0,Wed Jan 10 16:12:01 +0000 2018,0.0,1.0,0.0,@CBSNews,96,@CBSNews https://t.co/LmjE4RCyfv
296,0.0,Wed Jan 10 16:11:57 +0000 2018,0.0,1.0,0.0,@CBSNews,97,RT @CBSNews: White House tells aides to decide whether they're staying in 2018 https://t.co/cSsLKusXPM https://t.co/QN0y8ybJZi
297,0.4215,Wed Jan 10 16:11:55 +0000 2018,0.0,0.882,0.118,@CBSNews,98,"RT @CBSNews: AVALANCHE: Webcam captures the moment a powerful avalanche hit the Swiss Alps, trapping about 13,000 people in the area on Thu‚Ä¶"
298,0.1027,Wed Jan 10 16:11:54 +0000 2018,0.0,0.94,0.06,@CBSNews,99,"RT @CBSNews: ""Are you kidding me... you just pushed me to the floor."" A teacher was forcibly removed and handcuffed after speaking up about‚Ä¶"
299,-0.4215,Wed Jan 10 16:11:43 +0000 2018,0.737,0.263,0.0,@CBSNews,100,@CBSNews Guilty
300,0.0,Wed Jan 10 16:12:16 +0000 2018,0.0,1.0,0.0,@FoxNews,1,"RT @FoxNews: .@RepSwalwell: ""All of the arrows continue to point to a personal, political, and financial relationship that Donald #Trump ha‚Ä¶"
301,-0.3612,Wed Jan 10 16:12:16 +0000 2018,0.128,0.872,0.0,@FoxNews,2,@paulpappalardo1 @FoxNews @marcorubio I actual am researching now. It makes it difficult to do so she the administr‚Ä¶ https://t.co/xmxWj79W4g
302,-0.6705,Wed Jan 10 16:12:15 +0000 2018,0.407,0.593,0.0,@FoxNews,3,"RT @FoxNews: African American unemployment rate, lowest since 1972 https://t.co/CeloOzDW96"
303,0.0,Wed Jan 10 16:12:14 +0000 2018,0.0,1.0,0.0,@FoxNews,4,@FoxNews @brookefoxnews Why does he even listen to them. It's obvious that they should be disbanded. They are making up laws as they go.
304,0.0,Wed Jan 10 16:12:14 +0000 2018,0.0,1.0,0.0,@FoxNews,5,@FoxNews @SecNielsen @POTUS  https://t.co/IUsGRFVioK
305,0.0,Wed Jan 10 16:12:14 +0000 2018,0.0,1.0,0.0,@FoxNews,6,RT @007Ding: @CindyHargest @TuckerCarlson @FoxNews Someone's not paying attention. So far the only connection to Russia is with the DNC and‚Ä¶
306,0.0,Wed Jan 10 16:12:14 +0000 2018,0.0,1.0,0.0,@FoxNews,7,"RT @FoxNews: Trump blasts court system as 'broken,' 'unfair' after DACA ruling - via @brookefoxnews 
https://t.co/bPr7jIs8OD"
307,0.0,Wed Jan 10 16:12:13 +0000 2018,0.0,1.0,0.0,@FoxNews,8,"@007Ding @CindyHargest @TuckerCarlson @FoxNews @foxheadlines hey Steve Dingleberry, https://t.co/hcnsZoZMqg"
308,0.0,Wed Jan 10 16:12:12 +0000 2018,0.0,1.0,0.0,@FoxNews,9,@rewindpulaski1 @wrestling_1000 @FoxNews @realDonaldTrump @SenFeinstein  https://t.co/fsKKTJfZBE
309,0.5975,Wed Jan 10 16:12:12 +0000 2018,0.042,0.784,0.174,@FoxNews,10,"RT @FoxNews: Lt. Col. Ralph Peters: ""We don't war with North Korea. We don't want a military confrontation. But if it comes to it, if to pr‚Ä¶"
310,0.4939,Wed Jan 10 16:12:12 +0000 2018,0.108,0.647,0.246,@FoxNews,11,@LesroJones @Lukelakers @TomWellborn @FoxNews @FBI @realDonaldTrump Glad to see you found some evidence to support your argument üòÇüòÇüòÇ
311,0.0,Wed Jan 10 16:12:11 +0000 2018,0.0,1.0,0.0,@FoxNews,12,@jcreechy @Lukelakers @TomWellborn @FoxNews @FBI @realDonaldTrump  https://t.co/a8kTFJTEI4
312,0.4391,Wed Jan 10 16:12:10 +0000 2018,0.0,0.814,0.186,@FoxNews,13,@IngrahamAngle @Scaramucci @FoxNews And I‚Äôm sure Laura that Oprah or the ‚Äú Golden globe girls‚Äù really want your adv‚Ä¶ https://t.co/Do0zSz5O5T
313,0.3818,Wed Jan 10 16:12:10 +0000 2018,0.0,0.852,0.148,@FoxNews,14,"RT @FoxNews: Trump deserves 'big credit' for sparking North Korea talks, South Korea's president says https://t.co/BR2iommiJe"
314,0.34,Wed Jan 10 16:12:10 +0000 2018,0.06,0.819,0.121,@FoxNews,15,@OryBri @FoxNews @SecNielsen You have been hard to read sometimes. Lol. There‚Äôs time I‚Äôll read what you tweet and I‚Ä¶ https://t.co/A9z4GrIPlW
315,0.7269,Wed Jan 10 16:12:10 +0000 2018,0.0,0.736,0.264,@FoxNews,16,"RT @BeverlyTravis14: @TuckerCarlson @FoxNews Husband 100% disabled Vietnam vet, wanted to see a good optamologist, only has eye care throug‚Ä¶"
316,-0.0772,Wed Jan 10 16:12:09 +0000 2018,0.067,0.933,0.0,@FoxNews,17,"@FallingdownAl @FoxNews @SenSchumer @POTUS @GOP Not my views, bud. I‚Äôm talking numbers &amp; facts. Sorry you can‚Äôt han‚Ä¶ https://t.co/FxUDTJXlgW"
317,0.0,Wed Jan 10 16:12:08 +0000 2018,0.0,1.0,0.0,@FoxNews,18,"RT @FoxNews: .@LaraLeaTrump: ""It's going to be a lot harder, I think, to run against [@POTUS] in 2020 than anybody is suggesting right now,‚Ä¶"
318,0.0,Wed Jan 10 16:12:08 +0000 2018,0.0,1.0,0.0,@FoxNews,19,"RT @FoxNews: .@SteveScalise: ""When you're in meetings with @POTUS, it's all business. You've got a man here who wants to get our economy mo‚Ä¶"
319,-0.7717,Wed Jan 10 16:12:08 +0000 2018,0.295,0.705,0.0,@FoxNews,20,@Restoration2020 @Princess__Jayyy @FoxNews ‚ÄúI got caught making up fake shit about acid rain that never happened an‚Ä¶ https://t.co/jT0Ns2DXwo
320,0.0,Wed Jan 10 16:12:07 +0000 2018,0.0,1.0,0.0,@FoxNews,21,RT @CindyHargest: @TuckerCarlson @FoxNews Why do the Russians get to hack our elections and decide who is president and then get a pass fro‚Ä¶
321,-0.3412,Wed Jan 10 16:12:07 +0000 2018,0.256,0.744,0.0,@FoxNews,22,@FoxNews Judge is a liberal and not a good American
322,-0.1531,Wed Jan 10 16:12:07 +0000 2018,0.21,0.617,0.173,@FoxNews,23,RT @FoxNews: WWE star rescued after being trapped in airplane bathroom https://t.co/Wk5iLCo1Vk
323,0.0,Wed Jan 10 16:12:06 +0000 2018,0.0,1.0,0.0,@FoxNews,24,California Rep. Darrell Issa to retire after the end of his term https://t.co/wpRXqdHXZG via the @FoxNews Android app
324,-0.296,Wed Jan 10 16:12:06 +0000 2018,0.104,0.896,0.0,@FoxNews,25,RT @TheWisemanSaid2: @realDonaldTrump - if this is the Alt reality you live in - it's time to stop watching #fauxnews @FoxNews @foxandfrien‚Ä¶
325,-0.5267,Wed Jan 10 16:12:06 +0000 2018,0.327,0.673,0.0,@FoxNews,26,@FoxNews @SenSchumer @POTUS Schumer is a lying scum bag
326,0.0,Wed Jan 10 16:12:06 +0000 2018,0.0,1.0,0.0,@FoxNews,27,@realDonaldTrump @FoxNews @Jerusalem_Post @TheMossadIL  https://t.co/kOQev14ZjV
327,0.0,Wed Jan 10 16:12:04 +0000 2018,0.0,1.0,0.0,@FoxNews,28,@Catsinaboxnot @penguinphilsofr @LisbethMA @BeverlyTravis14 @IggyRN80 @TuckerCarlson @FoxNews Had my husband not go‚Ä¶ https://t.co/S3QgYHKTw2
328,0.0,Wed Jan 10 16:12:04 +0000 2018,0.0,1.0,0.0,@FoxNews,29,@elanajoy1982 @JefferyLHoward1 @FoxNews  https://t.co/SmDQSMXiGS
329,0.7269,Wed Jan 10 16:12:03 +0000 2018,0.0,0.736,0.264,@FoxNews,30,"RT @BeverlyTravis14: @TuckerCarlson @FoxNews Husband 100% disabled Vietnam vet, wanted to see a good optamologist, only has eye care throug‚Ä¶"
330,0.0,Wed Jan 10 16:12:03 +0000 2018,0.0,1.0,0.0,@FoxNews,31,"RT @IWillRedPillYou: Fox News is equal to the rest of the #FakeNews MSM.
Today referring to #FusionGPS, @FoxNews writes Fusion GPS is an ""o‚Ä¶"
331,-0.4588,Wed Jan 10 16:12:03 +0000 2018,0.158,0.842,0.0,@FoxNews,32,"RT @FoxNews: Emily Hall: ""Conservative students on campus feel threatened both physically and in their academics."" https://t.co/rt10ohK0yq"
332,-0.296,Wed Jan 10 16:12:03 +0000 2018,0.306,0.694,0.0,@FoxNews,33,@FoxNews @GeraldoRivera No that was RNC
333,0.0,Wed Jan 10 16:12:02 +0000 2018,0.0,1.0,0.0,@FoxNews,34,RT @TuckerCarlson: If someone sneaks into the country illegally why should they get to bring their relatives? #Tucker @FoxNews
334,0.0,Wed Jan 10 16:12:02 +0000 2018,0.0,1.0,0.0,@FoxNews,35,@glennyork @FoxNews @SenSchumer @POTUS  https://t.co/o2ySr39lFV
335,0.0,Wed Jan 10 16:12:01 +0000 2018,0.0,1.0,0.0,@FoxNews,36,"RT @FoxNews: .@SecNielsen: ""The wall works. We have evidence and figures that show that... In 2006, it was a bipartisan approach to securin‚Ä¶"
336,0.0,Wed Jan 10 16:12:01 +0000 2018,0.0,1.0,0.0,@FoxNews,37,"Hey @FoxNews why aren't you all over this? Oh, that's right, they're not Mexican... and they're Russian--your collu‚Ä¶ https://t.co/WsvlS4HNSE"
337,-0.636,Wed Jan 10 16:12:00 +0000 2018,0.244,0.756,0.0,@FoxNews,38,"@FoxNews @RealSheriffJoe You have got the guts to use torture too. What a man!
https://t.co/njMQegJHy2"
338,0.4549,Wed Jan 10 16:12:00 +0000 2018,0.133,0.63,0.237,@FoxNews,39,"RT @dgvreiman: @MAGA_Len @CindyHargest @TuckerCarlson @FoxNews Also, take out the fraud votes and Trump most likely won the popular vote by‚Ä¶"
339,0.0,Wed Jan 10 16:11:57 +0000 2018,0.0,1.0,0.0,@FoxNews,40,"RT @FoxNews: .@SecNielsen: ""The wall works. We have evidence and figures that show that... In 2006, it was a bipartisan approach to securin‚Ä¶"
340,0.4753,Wed Jan 10 16:11:57 +0000 2018,0.0,0.829,0.171,@FoxNews,41,@FoxNews So now courts are mandating un-constitutional orders remain in place......I think I see an opportunity here!
341,0.4215,Wed Jan 10 16:11:56 +0000 2018,0.0,0.877,0.123,@FoxNews,42,"RT @kurteichenwald: Commentator on @FoxNews said Salvadoran families in the United States on residency permits should be split up, with par‚Ä¶"
342,0.4019,Wed Jan 10 16:11:55 +0000 2018,0.101,0.729,0.17,@FoxNews,43,"RT @FoxNews: Moments ago in a series of tweets, President @realDonaldTrump slammed Democrats over ""the single greatest Witch Hunt in Americ‚Ä¶"
343,0.0,Wed Jan 10 16:11:55 +0000 2018,0.0,1.0,0.0,@FoxNews,44,"@IngrahamAngle @Scaramucci @FoxNews Hi Ms. Laura, 
1) Dreamers citizens due to Government lapse in policies, people‚Ä¶ https://t.co/qGqgiH5GbX"
344,0.0,Wed Jan 10 16:11:54 +0000 2018,0.0,1.0,0.0,@FoxNews,45,@TuckerCarlson @FoxNews Uggg spell check got me.. but point made
345,0.25,Wed Jan 10 16:11:53 +0000 2018,0.104,0.743,0.153,@FoxNews,46,Say it out loud. #SteeleDossier  warned our intelligence institutions that #DonTheCon was being blackmailed by Puti‚Ä¶ https://t.co/VbjlXB6cGC
346,-0.3818,Wed Jan 10 16:11:52 +0000 2018,0.126,0.874,0.0,@FoxNews,47,"RT @MAGA_Len: @CindyHargest @TuckerCarlson @FoxNews You have it backwards..  Trump beat out 16 highly qualified politicians, then upset Hil‚Ä¶"
347,0.0,Wed Jan 10 16:11:52 +0000 2018,0.0,1.0,0.0,@FoxNews,48,California Rep. Darrell Issa to retire after the end of his term https://t.co/rw6RCpraQY via the @FoxNews Android app
348,0.0,Wed Jan 10 16:11:52 +0000 2018,0.0,1.0,0.0,@FoxNews,49,RT @The_Warrioress: @bgood12345 @ARsRcool @FoxNews I don't C how these judges can dictate what @POTUS can or cannot do &amp; Y congress allows‚Ä¶
349,0.0,Wed Jan 10 16:11:52 +0000 2018,0.0,1.0,0.0,@FoxNews,50,"RT @FoxNews: .@SecNielsen: ""The [border wall] proposal that we've been discussing now is 700 miles over the next ten years."" https://t.co/G‚Ä¶"
350,0.4767,Wed Jan 10 16:11:51 +0000 2018,0.0,0.876,0.124,@FoxNews,51,RT @jsholt1: @TuckerCarlson @FoxNews You can't expect someone to respect your laws when u heir first act in coming to the country is breaki‚Ä¶
351,-0.4404,Wed Jan 10 16:11:49 +0000 2018,0.182,0.818,0.0,@FoxNews,52,RT @SometimesYouDie: UNICEF Attacks Israel &amp; IDF https://t.co/JWeacFj7Gu @FoxNews @LibertyBell1000 @marklevinshow @LouDobbs @IsraeliPM #Isr‚Ä¶
352,-0.6113,Wed Jan 10 16:11:49 +0000 2018,0.174,0.826,0.0,@FoxNews,53,@TomWellborn @FoxNews Can‚Äôt answer the question so attack the person who asked for an explanation. Typical of the ‚Äú‚Ä¶ https://t.co/1gL1KgpkiZ
353,0.1864,Wed Jan 10 16:11:49 +0000 2018,0.165,0.579,0.256,@FoxNews,54,"@BeverlyTravis14 @TuckerCarlson @FoxNews Unbelievable. How on earth does anyone support this nonsense, really?  How?"
354,-0.6711,Wed Jan 10 16:11:49 +0000 2018,0.234,0.766,0.0,@FoxNews,55,@FoxNews @SenSchumer @POTUS Always all the competition politicians game and not what is good for the American people that's sad
355,0.0,Wed Jan 10 16:11:49 +0000 2018,0.0,1.0,0.0,@FoxNews,56,"RT @FoxNews: .@SecNielsen: ""The wall works. We have evidence and figures that show that... In 2006, it was a bipartisan approach to securin‚Ä¶"
356,-0.3004,Wed Jan 10 16:11:49 +0000 2018,0.204,0.66,0.136,@FoxNews,57,"RT @1TerryFox: @FoxNews @realDonaldTrump divided this country by condoning hate, and not rejecting it."
357,-0.5848,Wed Jan 10 16:11:48 +0000 2018,0.159,0.841,0.0,@FoxNews,58,I think my job should do this too. Even a small dosage of @FoxNews is bad for your short/long term health aspects! https://t.co/3pXbWwwICa
358,0.5975,Wed Jan 10 16:11:48 +0000 2018,0.042,0.784,0.174,@FoxNews,59,"RT @FoxNews: Lt. Col. Ralph Peters: ""We don't war with North Korea. We don't want a military confrontation. But if it comes to it, if to pr‚Ä¶"
359,0.0,Wed Jan 10 16:11:48 +0000 2018,0.0,1.0,0.0,@FoxNews,60,@DavidDJPearl @TuckerCarlson @FoxNews @IngrahamAngle @LouDobbs @SheriffClarke @SebGorka CNN is always on
360,-0.5945,Wed Jan 10 16:11:47 +0000 2018,0.326,0.674,0.0,@FoxNews,61,@FoxNews Why do you publish so much unsubstantiated shit
361,0.4926,Wed Jan 10 16:11:47 +0000 2018,0.0,0.834,0.166,@FoxNews,62,@BeverlyTravis14 @IggyRN80 @TuckerCarlson @FoxNews Good question! I believe that there is an entity with in our bor‚Ä¶ https://t.co/s9w7KUw6VB
362,0.0258,Wed Jan 10 16:11:45 +0000 2018,0.104,0.788,0.108,@FoxNews,63,@FoxNews How ridiculous everyone that wants to get anything from Trump tries to give them credit for things he does‚Ä¶ https://t.co/PVGzFBJCwe
363,0.0,Wed Jan 10 16:11:45 +0000 2018,0.0,1.0,0.0,@FoxNews,64,RT @FoxNews: Joe Arpaio Slams Sen. Flake: 'He Didn't Have the Guts' to Run for Re-Election https://t.co/37ucuXhglG
364,-0.1531,Wed Jan 10 16:11:45 +0000 2018,0.21,0.617,0.173,@FoxNews,65,RT @FoxNews: WWE star rescued after being trapped in airplane bathroom https://t.co/Wk5iLCo1Vk
365,0.5975,Wed Jan 10 16:11:45 +0000 2018,0.042,0.784,0.174,@FoxNews,66,"RT @FoxNews: Lt. Col. Ralph Peters: ""We don't war with North Korea. We don't want a military confrontation. But if it comes to it, if to pr‚Ä¶"
366,-0.128,Wed Jan 10 16:11:44 +0000 2018,0.174,0.632,0.194,@FoxNews,67,"@mc_leod11 @FoxNews Yes, sir. Killing Bin Laden, trying to give all Americans health coverage and restoring world f‚Ä¶ https://t.co/WRMo7hrHaM"
367,0.0,Wed Jan 10 16:11:44 +0000 2018,0.0,1.0,0.0,@FoxNews,68,RT @TuckerCarlson: If someone sneaks into the country illegally why should they get to bring their relatives? #Tucker @FoxNews
368,0.0,Wed Jan 10 16:11:43 +0000 2018,0.0,1.0,0.0,@FoxNews,69,RT @TuckerCarlson: The goal of Democrats is to import more Democratic voters by any means necessary #Tucker @FoxNews
369,-0.0572,Wed Jan 10 16:11:42 +0000 2018,0.053,0.947,0.0,@FoxNews,70,"RT @FoxNews: .@RealSheriffJoe: ""There's a lot of people who don't want me to go to Washington... I got the guts to face all the detractors‚Ä¶"
370,0.0,Wed Jan 10 16:11:39 +0000 2018,0.0,1.0,0.0,@FoxNews,71,@FoxNews @FoxBusiness @realDonaldTrump @PressSec @KellyannePolls @SebGorka @Varneyco @LouDobbs https://t.co/kgsBV1ayAL
371,-0.5994,Wed Jan 10 16:11:38 +0000 2018,0.17,0.83,0.0,@FoxNews,72,@hopelesslyhippy @FoxNews @SenSchumer @POTUS Then the Dems are going to let DACA die on the vine. Because they won't compromise.
372,0.3612,Wed Jan 10 16:11:38 +0000 2018,0.0,0.857,0.143,@FoxNews,73,"RT @FoxNews: .@POTUS on the wall: ""I like to build under budget, ahead of schedule."" https://t.co/Dqg1tUyyBG"
373,0.0,Wed Jan 10 16:11:37 +0000 2018,0.0,1.0,0.0,@FoxNews,74,RT @TuckerCarlson: The goal of Democrats is to import more Democratic voters by any means necessary #Tucker @FoxNews
374,-0.6808,Wed Jan 10 16:11:37 +0000 2018,0.318,0.682,0.0,@FoxNews,75,"RT @FoxNews: Kim Jong Un's weak voice signals possible kidney problem, expert claims https://t.co/00wAsynqU6"
375,0.0,Wed Jan 10 16:11:36 +0000 2018,0.0,1.0,0.0,@FoxNews,76,@FoxNews @SenSchumer @POTUS Chuck. You don't have a clue about securoty.
376,0.0,Wed Jan 10 16:11:36 +0000 2018,0.0,1.0,0.0,@FoxNews,77,RT @TuckerCarlson: If someone sneaks into the country illegally why should they get to bring their relatives? #Tucker @FoxNews
377,0.0,Wed Jan 10 16:11:34 +0000 2018,0.0,1.0,0.0,@FoxNews,78,@FoxNews @SecNielsen What? 70mi a yr? üòÅüòÇnot what Potus said
378,-0.2732,Wed Jan 10 16:11:33 +0000 2018,0.091,0.909,0.0,@FoxNews,79,RT @EastCoastMAGA: @tigersimon27 @marthamaccallum @FoxNews Yup I don't buy it. Her reaction when he was cut off seemed as if she knew what‚Ä¶
379,0.0,Wed Jan 10 16:11:33 +0000 2018,0.0,1.0,0.0,@FoxNews,80,"RT @darryljordan: üöÑüöÑüöÑüöÑüí®üá∫üá∏üá∫üá∏üá∫üá∏üá∫üá∏
@POTUS @VP @seanhannity @IngrahamAngle @JudgeJeanine @Foxnews @TuckerCarlson @realDonaldTrump @DonaldJTrump‚Ä¶"
380,0.3818,Wed Jan 10 16:11:33 +0000 2018,0.0,0.852,0.148,@FoxNews,81,"RT @FoxNews: Trump deserves 'big credit' for sparking North Korea talks, South Korea's president says https://t.co/M7Y95qp4CF"
381,-0.1027,Wed Jan 10 16:11:33 +0000 2018,0.065,0.935,0.0,@FoxNews,82,@FoxNews @SenSchumer @POTUS I think Congress should pass a bill to pay for the wall that matches dollar for dollar that Mexico provides.
382,-0.8689,Wed Jan 10 16:11:33 +0000 2018,0.386,0.614,0.0,@FoxNews,83,"@julescrna316 @BrownTownClownT @embeatty3 @FoxNews The violence and gangs in home are going to kill them

mmmmmmkay?"
383,0.0,Wed Jan 10 16:11:31 +0000 2018,0.0,1.0,0.0,@FoxNews,84,@FoxNews experts claim trumps speech and inabilty to handle stairs points to major medical issues also.
384,-0.6669,Wed Jan 10 16:11:31 +0000 2018,0.285,0.596,0.119,@FoxNews,85,@FoxNews is so stupid they ask a buzzfeed friend Dick Sherman if @realDonaldTrump should sue Buzzfeed what a tool foxnews is
385,0.0,Wed Jan 10 16:11:29 +0000 2018,0.0,1.0,0.0,@FoxNews,86,"@HouseRepubiclan @FoxNews You nailed it, One dying of liver disease and the other a very old man with nothing much‚Ä¶ https://t.co/lnGmX88Aso"
386,0.2292,Wed Jan 10 16:11:29 +0000 2018,0.091,0.773,0.135,@FoxNews,87,".@FoxNews confirms Rep @DarrellIssa (R) will not seek reelection, creating 2018 Democratic pickup opportunity for the California seat."
387,0.4588,Wed Jan 10 16:11:29 +0000 2018,0.0,0.8,0.2,@FoxNews,88,"RT @FoxNews: .@SecNielsen: ""@POTUS is showing his compassion for the DACA recipients."" https://t.co/REgPdMiSYc"
388,-0.4767,Wed Jan 10 16:11:29 +0000 2018,0.154,0.846,0.0,@FoxNews,89,"@FoxNews How about the Hollywood world suffering under De Niro's buddy, Harvey Weinstein? You didn't know anything‚Ä¶ https://t.co/1waLTKmgAu"
389,0.2732,Wed Jan 10 16:11:29 +0000 2018,0.0,0.92,0.08,@FoxNews,90,"RT @FoxNews: .@POTUS: ""We need a certain portion of that border to have the wall. If you don't have it, you can never have security."" https‚Ä¶"
390,0.0,Wed Jan 10 16:11:28 +0000 2018,0.0,1.0,0.0,@FoxNews,91,@CindyHargest @TuckerCarlson @FoxNews Oh grow up.
391,-0.4588,Wed Jan 10 16:11:28 +0000 2018,0.158,0.842,0.0,@FoxNews,92,"RT @FoxNews: Emily Hall: ""Conservative students on campus feel threatened both physically and in their academics."" https://t.co/rt10ohK0yq"
392,0.0,Wed Jan 10 16:11:28 +0000 2018,0.0,1.0,0.0,@FoxNews,93,@i8wigan @FoxNews You have judges but that is your prerogative.
393,0.3612,Wed Jan 10 16:11:28 +0000 2018,0.0,0.872,0.128,@FoxNews,94,"@FoxNews @SecNielsen trump‚Äôs wall is like the emperor‚Äôs new clothes.  Non existent, ever diminishing BS concept to‚Ä¶ https://t.co/MdsDwdnPqi"
394,-0.2411,Wed Jan 10 16:11:28 +0000 2018,0.098,0.902,0.0,@FoxNews,95,"RT @nazani14: @Kimb3rlyDavis @kurteichenwald @FoxNews Don't be sure. I've encountered foster kids who were basically servants, and there ar‚Ä¶"
395,0.1779,Wed Jan 10 16:11:27 +0000 2018,0.091,0.788,0.12,@FoxNews,96,"@FoxNews @SenSchumer @POTUS It became request of supporters, not POTUS, to have the wall built. You need to stop at‚Ä¶ https://t.co/7wqEB3KSEU"
396,0.0,Wed Jan 10 16:11:26 +0000 2018,0.0,1.0,0.0,@FoxNews,97,@FoxNews @RealSheriffJoe  https://t.co/hqrCNDQDp6
397,-0.4767,Wed Jan 10 16:11:25 +0000 2018,0.256,0.744,0.0,@FoxNews,98,"@FoxNews @SenSchumer @POTUS Poor Chuckie, is that all you have?"
398,0.5975,Wed Jan 10 16:12:17 +0000 2018,0.042,0.784,0.174,@FoxNews,99,"RT @FoxNews: Lt. Col. Ralph Peters: ""We don't war with North Korea. We don't want a military confrontation. But if it comes to it, if to pr‚Ä¶"
399,0.0,Wed Jan 10 16:12:16 +0000 2018,0.0,1.0,0.0,@FoxNews,100,"RT @FoxNews: .@RepSwalwell: ""All of the arrows continue to point to a personal, political, and financial relationship that Donald #Trump ha‚Ä¶"
400,0.0,Wed Jan 10 16:12:18 +0000 2018,0.0,1.0,0.0,@nytimes,1,@Ldydewood @JacobAWohl @realDonaldTrump @nytimes Comprehension
401,0.0,Wed Jan 10 16:12:17 +0000 2018,0.0,1.0,0.0,@nytimes,2,"RT @nytimes: A gym chain is banning CNN, Fox News and MSNBC from its TVs. They say it's for your health. https://t.co/TCNZJrqZvx"
402,0.0,Wed Jan 10 16:12:16 +0000 2018,0.0,1.0,0.0,@nytimes,3,"RT @Sterlingartz: @JacobAWohl @realDonaldTrump @nytimes Arizona Files Cease and Desist Order Against Jacob Wohl, 
Alleges Multiple Counts O‚Ä¶"
403,0.5859,Wed Jan 10 16:12:15 +0000 2018,0.0,0.817,0.183,@nytimes,4,"RT @Sterlingartz: @JacobAWohl @realDonaldTrump @nytimes And The Winner Of ""Financial Charlatan Of The Year"" Is... Jacob Wohl https://t.co/E‚Ä¶"
404,0.0,Wed Jan 10 16:12:14 +0000 2018,0.0,1.0,0.0,@nytimes,5,RT @SkeddyRuxypin: Christopher Steele literally briefed the @nytimes on Russian involvement in the 2016 election two weeks before they ran‚Ä¶
405,0.0,Wed Jan 10 16:12:14 +0000 2018,0.0,1.0,0.0,@nytimes,6,@eastversewest @TrumpSu21373821 @TheLoveBel0w @JacobAWohl @realDonaldTrump @nytimes Why do you think the taxes are‚Ä¶ https://t.co/LFyfBCNInE
406,-0.5859,Wed Jan 10 16:12:13 +0000 2018,0.241,0.759,0.0,@nytimes,7,"RT @Sterlingartz: @JacobAWohl @realDonaldTrump @nytimes Jacob Wohl _ 14 counts of Fraud 
https://t.co/Mg0iHpHaQ5 https://t.co/lxN8ZeFQDK"
407,0.0,Wed Jan 10 16:12:13 +0000 2018,0.0,1.0,0.0,@nytimes,8,"RT @nytimes: A gym chain is banning CNN, Fox News and MSNBC from its TVs. They say it's for your health. https://t.co/TCNZJrqZvx"
408,-0.4019,Wed Jan 10 16:12:10 +0000 2018,0.144,0.856,0.0,@nytimes,9,So @nytimes reporters spend all day ignoring this story on social media (normally they're twitter-happy munchkins.)‚Ä¶ https://t.co/oDJmzlXaz0
409,0.0,Wed Jan 10 16:12:10 +0000 2018,0.0,1.0,0.0,@nytimes,10,"RT @Sterlingartz: @JacobAWohl @realDonaldTrump @nytimes Arizona Files Cease and Desist Order Against Jacob Wohl, 
Alleges Multiple Counts O‚Ä¶"
410,0.0,Wed Jan 10 16:12:09 +0000 2018,0.0,1.0,0.0,@nytimes,11,"RT @Sterlingartz: @JacobAWohl @realDonaldTrump @nytimes Jacob Wohl, The Teenage-Hedge Fund Manager, Has Been Ordered To Cease And Desist
ht‚Ä¶"
411,-0.5859,Wed Jan 10 16:12:09 +0000 2018,0.241,0.759,0.0,@nytimes,12,"RT @Sterlingartz: @JacobAWohl @realDonaldTrump @nytimes Jacob Wohl _ 14 counts of Fraud 
https://t.co/Mg0iHpHaQ5 https://t.co/lxN8ZeFQDK"
412,0.1027,Wed Jan 10 16:12:09 +0000 2018,0.0,0.909,0.091,@nytimes,13,"Flattery from the #failing @nytimes will get you...

Actually, it'll probably get you anywhere. https://t.co/6jiugnih7p"
413,0.0,Wed Jan 10 16:12:09 +0000 2018,0.0,1.0,0.0,@nytimes,14,@DonnaWR8 @JacobAWohl @realDonaldTrump @nytimes @POTUS @Twitter @jack  https://t.co/JI6GRfeNg7
414,0.0258,Wed Jan 10 16:12:08 +0000 2018,0.0,0.891,0.109,@nytimes,15,@HawkRaiders @lenlued @Bella2Gia @nytimes People don‚Äôt realize that facts matter
415,0.0,Wed Jan 10 16:12:07 +0000 2018,0.0,1.0,0.0,@nytimes,16,"RT @nytimes: A gym chain is banning CNN, Fox News and MSNBC from its TVs. They say it's for your health. https://t.co/TCNZJrqZvx"
416,-0.2263,Wed Jan 10 16:12:06 +0000 2018,0.112,0.888,0.0,@nytimes,17,RT @nytimes: Federal judges declared the map unconstitutionally gerrymandered and demanded the Republican-controlled General Assembly redra‚Ä¶
417,-0.6808,Wed Jan 10 16:12:06 +0000 2018,0.272,0.64,0.088,@nytimes,18,"RT @Sterlingartz: @JacobAWohl @realDonaldTrump @nytimes 14 counts of securities fraud
Disgraced Teen Hedge Fund Manager Jacob Wohl Has Star‚Ä¶"
418,0.4404,Wed Jan 10 16:12:06 +0000 2018,0.23,0.364,0.406,@nytimes,19,@JacobAWohl @realDonaldTrump @nytimes I love when one fraud supports another.
419,0.5267,Wed Jan 10 16:12:04 +0000 2018,0.0,0.866,0.134,@nytimes,20,"RT @nytimes: Breaking News: In the first decision of its kind, federal judges threw out North Carolina‚Äôs congressional map, saying it was d‚Ä¶"
420,0.7579,Wed Jan 10 16:12:04 +0000 2018,0.0,0.717,0.283,@nytimes,21,"RT @nytimes: Greta Gerwig: ""The city felt like my mother. New York City felt like home because it felt like her."" https://t.co/TKTWVsScqm"
421,-0.8074,Wed Jan 10 16:12:02 +0000 2018,0.593,0.407,0.0,@nytimes,22,RT @yasminda_c: @nytimes Assault is a crime. #metoo
422,0.0,Wed Jan 10 16:12:00 +0000 2018,0.0,1.0,0.0,@nytimes,23,"RT @nytimes: A gym chain is banning CNN, Fox News and MSNBC from its TVs. They say it's for your health. https://t.co/TCNZJrqZvx"
423,-0.5859,Wed Jan 10 16:12:00 +0000 2018,0.241,0.759,0.0,@nytimes,24,"RT @Sterlingartz: @JacobAWohl @realDonaldTrump @nytimes Jacob Wohl _ 14 counts of Fraud 
https://t.co/Mg0iHpHaQ5 https://t.co/lxN8ZeFQDK"
424,0.0,Wed Jan 10 16:11:58 +0000 2018,0.0,1.0,0.0,@nytimes,25,Democratic Senator Releases Transcript of Dossier Firm Testimony via @NYTimes https://t.co/AVRbeyf8wR
425,0.0,Wed Jan 10 16:11:57 +0000 2018,0.0,1.0,0.0,@nytimes,26,"@JacobAWohl @realDonaldTrump @nytimes Dossier was first ordered by conservative donors for Rubio.
Part of the infor‚Ä¶ https://t.co/TVQv584wXO"
426,0.5423,Wed Jan 10 16:11:57 +0000 2018,0.0,0.821,0.179,@nytimes,27,The mouth breathing water heads at the @nytimes thinks monarchy is superior to a constitutional republic. I couldn'‚Ä¶ https://t.co/kMeQyvqLNB
427,0.1842,Wed Jan 10 16:11:56 +0000 2018,0.119,0.692,0.189,@nytimes,28,"RT @nytimes: ""Insistent or clumsy flirting is not a crime, nor is gallantry a chauvinist aggression."" Catherine Deneuve and dozens of other‚Ä¶"
428,-0.6679,Wed Jan 10 16:11:55 +0000 2018,0.359,0.641,0.0,@nytimes,29,@TomSteyer @nytimes HELLFIRE the GOP has been cheating taxpayers!!!
429,-0.296,Wed Jan 10 16:11:55 +0000 2018,0.099,0.901,0.0,@nytimes,30,"RT @aliasvaughn: The @nytimes is being ROASTED publicly and very deservedly for their completely false ""Fbi sees no connection between Russ‚Ä¶"
430,0.5473,Wed Jan 10 16:11:54 +0000 2018,0.0,0.665,0.335,@nytimes,31,@JacobAWohl @realDonaldTrump @nytimes LOL she actually didn‚Äôt. #FakeNews
431,0.0,Wed Jan 10 16:11:54 +0000 2018,0.0,1.0,0.0,@nytimes,32,"RT @nytimes: Considered impure because she was menstruating, she was about to sleep outside in a cold hut. She never woke up. https://t.co/‚Ä¶"
432,-0.4767,Wed Jan 10 16:11:51 +0000 2018,0.162,0.838,0.0,@nytimes,33,@JacobAWohl @realDonaldTrump @nytimes Sterling you made my day. Jacob's spamming and sucking up gets really annoyin‚Ä¶ https://t.co/XpFiZBycH9
433,0.0,Wed Jan 10 16:11:50 +0000 2018,0.0,1.0,0.0,@nytimes,34,@MightyNitin22 @BarackObama @NBCNews #CNBC #TodayShow @ABC @AP @gop_activists @OnlineMagazin #WorkinMoms #CNN‚Ä¶ https://t.co/Vkbku9zfyc
434,0.0,Wed Jan 10 16:11:49 +0000 2018,0.0,1.0,0.0,@nytimes,35,"RT @AndyGlockner: Late on this, but yesterday's disclosure that the @nytimes was briefed on Steele's findings and then ran that column exon‚Ä¶"
435,0.0,Wed Jan 10 16:11:48 +0000 2018,0.0,1.0,0.0,@nytimes,36,The Decline of Anti-Trumpism via @NYTimes https://t.co/sU8LPm2rF3
436,0.3818,Wed Jan 10 16:11:47 +0000 2018,0.0,0.86,0.14,@nytimes,37,@lenlued @Bella2Gia @nytimes Then you shouldn‚Äôt credit him for the stock market if that‚Äôs how you feel...
437,0.3818,Wed Jan 10 16:11:46 +0000 2018,0.0,0.729,0.271,@nytimes,38,@Sterlingartz @JacobAWohl @realDonaldTrump @nytimes The train's coming jw
438,0.0,Wed Jan 10 16:11:42 +0000 2018,0.0,1.0,0.0,@nytimes,39,"RT @nytimes: A gym chain is banning CNN, Fox News and MSNBC from its TVs. They say it's for your health. https://t.co/TCNZJrqZvx"
439,0.6808,Wed Jan 10 16:11:41 +0000 2018,0.073,0.667,0.26,@nytimes,40,"RT @originalallyg: @nytimes The pendulum must swing to center. If it took out an innocent, enlighten me.  To no surprise, the French are be‚Ä¶"
440,0.2023,Wed Jan 10 16:11:41 +0000 2018,0.135,0.738,0.127,@nytimes,41,"RT @nytimes: Dragged down by Trump's low approval ratings, more than 2 dozen Republicans in Congress will retire rather than face re-electi‚Ä¶"
441,0.0,Wed Jan 10 16:11:41 +0000 2018,0.0,1.0,0.0,@nytimes,42,"RT @rodsandguitars: @RedHatGeek @2ANow @realDonaldTrump @cnnbrk @MSNBC @nytimes @CBSNews @ABC @NBCNews @washingtonpost And those ""journalis‚Ä¶"
442,0.4019,Wed Jan 10 16:11:40 +0000 2018,0.0,0.838,0.162,@nytimes,43,RT @SRPainter: @mattth19 @nytimes Yes. Looks to Mercer for $.  Looks to Trump for scripture.
443,0.4404,Wed Jan 10 16:11:39 +0000 2018,0.0,0.818,0.182,@nytimes,44,@nytimes @joefishertv showing up at business much better for #mentalhealth @people L.A.N.-ding @CableLabs‚Ä¶ https://t.co/xgZ8EtdzDZ
444,0.7192,Wed Jan 10 16:11:39 +0000 2018,0.045,0.735,0.22,@nytimes,45,"RT @nytimes: ""Trump made clear once again that the details of governance do not really matter to him as much as success, telling congressio‚Ä¶"
445,0.0,Wed Jan 10 16:11:39 +0000 2018,0.0,1.0,0.0,@nytimes,46,"RT @nytimes: A gym chain is banning CNN, Fox News and MSNBC from its TVs. They say it's for your health. https://t.co/TCNZJrqZvx"
446,-0.6808,Wed Jan 10 16:11:38 +0000 2018,0.272,0.64,0.088,@nytimes,47,"RT @Sterlingartz: @JacobAWohl @realDonaldTrump @nytimes 14 counts of securities fraud
Disgraced Teen Hedge Fund Manager Jacob Wohl Has Star‚Ä¶"
447,0.0,Wed Jan 10 16:11:36 +0000 2018,0.0,1.0,0.0,@nytimes,48,RT @mattth19: @SRPainter @nytimes Mercer Inc. actually.
448,0.0,Wed Jan 10 16:11:35 +0000 2018,0.0,1.0,0.0,@nytimes,49,RT @nytimes: Chris Christie gave his final State of the State address. He spun a rosy tale that was seemingly at odds with his constituents‚Ä¶
449,0.0,Wed Jan 10 16:11:34 +0000 2018,0.0,1.0,0.0,@nytimes,50,"RT @SRPainter: @nytimes What this says: breitbart is a wholly owned subsidiary of Trump, Inc."
450,0.0,Wed Jan 10 16:11:33 +0000 2018,0.0,1.0,0.0,@nytimes,51,@JacobAWohl @realDonaldTrump @nytimes  https://t.co/5ARqAI9NCV
451,0.0,Wed Jan 10 16:11:32 +0000 2018,0.0,1.0,0.0,@nytimes,52,RT @SkeddyRuxypin: Christopher Steele literally briefed the @nytimes on Russian involvement in the 2016 election two weeks before they ran‚Ä¶
452,0.0,Wed Jan 10 16:11:32 +0000 2018,0.0,1.0,0.0,@nytimes,53,@nytimes Will they still have the Gorilla Channel?
453,0.0,Wed Jan 10 16:11:31 +0000 2018,0.0,1.0,0.0,@nytimes,54,"RT @Sterlingartz: @JacobAWohl @realDonaldTrump @nytimes Arizona Files Cease and Desist Order Against Jacob Wohl, 
Alleges Multiple Counts O‚Ä¶"
454,0.0,Wed Jan 10 16:11:31 +0000 2018,0.0,1.0,0.0,@nytimes,55,"@nytimes ""Nothing in his term became him so much as the leaving of it""."
455,0.0,Wed Jan 10 16:11:30 +0000 2018,0.0,1.0,0.0,@nytimes,56,@Montgomery_bjm @sarahkendzior @jazzizbest @realDonaldTrump @nytimes I know...going back to all that anti-NYT hot a‚Ä¶ https://t.co/jBFdFCBsVz
456,0.0,Wed Jan 10 16:11:29 +0000 2018,0.0,1.0,0.0,@nytimes,57,"RT @nytimes: A gym chain is banning CNN, Fox News and MSNBC from its TVs. They say it's for your health. https://t.co/TCNZJrqZvx"
457,-0.5574,Wed Jan 10 16:11:28 +0000 2018,0.167,0.833,0.0,@nytimes,58,"RT @Jinxy_Minxy: @45Fired @neeratanden @nytimes Lichtblau was one of the reporters that CNN fired, over that retracted Scaramucci/Russia st‚Ä¶"
458,-0.5719,Wed Jan 10 16:11:28 +0000 2018,0.183,0.817,0.0,@nytimes,59,RT @PTSMC: An extensive look into costly procedures for knee pain in the @nytimes comes to the conclusion that #PhysicalTherapy can often b‚Ä¶
459,-0.5859,Wed Jan 10 16:11:28 +0000 2018,0.241,0.759,0.0,@nytimes,60,"RT @Sterlingartz: @JacobAWohl @realDonaldTrump @nytimes Jacob Wohl _ 14 counts of Fraud 
https://t.co/Mg0iHpHaQ5 https://t.co/lxN8ZeFQDK"
460,-0.296,Wed Jan 10 16:11:26 +0000 2018,0.268,0.732,0.0,@nytimes,61,"@JacobAWohl @realDonaldTrump @nytimes Stop it, YOU LIE"
461,0.5267,Wed Jan 10 16:11:26 +0000 2018,0.0,0.866,0.134,@nytimes,62,"RT @nytimes: Breaking News: In the first decision of its kind, federal judges threw out North Carolina‚Äôs congressional map, saying it was d‚Ä¶"
462,-0.5106,Wed Jan 10 16:11:26 +0000 2018,0.202,0.798,0.0,@nytimes,63,"RT @1TerryFox: @nytimes He's not going to confess on TV, dumb question, expected answer."
463,0.5859,Wed Jan 10 16:11:25 +0000 2018,0.0,0.817,0.183,@nytimes,64,"RT @Sterlingartz: @JacobAWohl @realDonaldTrump @nytimes And The Winner Of ""Financial Charlatan Of The Year"" Is... Jacob Wohl https://t.co/E‚Ä¶"
464,0.4215,Wed Jan 10 16:11:25 +0000 2018,0.0,0.872,0.128,@nytimes,65,RT @theswamplog: @sarahkendzior The nice part about twitter is that we can ask the @nytimes authors @EricLichtblau and @stevenleemyers dire‚Ä¶
465,0.8034,Wed Jan 10 16:11:23 +0000 2018,0.0,0.612,0.388,@nytimes,66,@Sterlingartz @JacobAWohl @realDonaldTrump @nytimes LOL. Well THAT sure explains a lot. A turd defending other turds. Go figure!
466,-0.6808,Wed Jan 10 16:11:22 +0000 2018,0.272,0.64,0.088,@nytimes,67,"RT @Sterlingartz: @JacobAWohl @realDonaldTrump @nytimes 14 counts of securities fraud
Disgraced Teen Hedge Fund Manager Jacob Wohl Has Star‚Ä¶"
467,0.0,Wed Jan 10 16:11:20 +0000 2018,0.0,1.0,0.0,@nytimes,68,"RT @Sterlingartz: @JacobAWohl @realDonaldTrump @nytimes Arizona Files Cease and Desist Order Against Jacob Wohl, 
Alleges Multiple Counts O‚Ä¶"
468,-0.2263,Wed Jan 10 16:11:19 +0000 2018,0.27,0.498,0.232,@nytimes,69,"RT @mickey_mcneil: @nytimes Agree.  Define boundaries. Expect respect distinguish between uninvited , misinterpreted or abuse.  Act accordi‚Ä¶"
469,0.0,Wed Jan 10 16:11:18 +0000 2018,0.0,1.0,0.0,@nytimes,70,"RT @Sterlingartz: @JacobAWohl @realDonaldTrump @nytimes Arizona Files Cease and Desist Order Against Jacob Wohl, 
Alleges Multiple Counts O‚Ä¶"
470,0.0,Wed Jan 10 16:11:18 +0000 2018,0.0,1.0,0.0,@nytimes,71,"RT @nytimes: A gym chain is banning CNN, Fox News and MSNBC from its TVs. They say it's for your health. https://t.co/TCNZJrqZvx"
471,0.5267,Wed Jan 10 16:11:16 +0000 2018,0.0,0.866,0.134,@nytimes,72,"RT @nytimes: Breaking News: In the first decision of its kind, federal judges threw out North Carolina‚Äôs congressional map, saying it was d‚Ä¶"
472,0.0,Wed Jan 10 16:11:15 +0000 2018,0.0,1.0,0.0,@nytimes,73,WHY isnt @GOPChairwoman Ronna McDaniel being called before #media in interviews &amp; articles to explain the Republica‚Ä¶ https://t.co/BACQlkrBfi
473,0.0,Wed Jan 10 16:11:14 +0000 2018,0.0,1.0,0.0,@nytimes,74,"RT @Sterlingartz: @JacobAWohl @realDonaldTrump @nytimes Jacob Wohl, The Teenage-Hedge Fund Manager, Has Been Ordered To Cease And Desist
ht‚Ä¶"
474,0.0,Wed Jan 10 16:11:14 +0000 2018,0.0,1.0,0.0,@nytimes,75,"RT @Sterlingartz: @JacobAWohl @realDonaldTrump @nytimes Jacob Wohl, The Teenage-Hedge Fund Manager, Has Been Ordered To Cease And Desist
ht‚Ä¶"
475,-0.8122,Wed Jan 10 16:11:13 +0000 2018,0.33,0.67,0.0,@nytimes,76,I‚Äôm generally appalled by Trump‚Äôs attacks on the press. But the @nytimes ‚Äúobituary‚Äù of President Monson so misses t‚Ä¶ https://t.co/gTt31ibN7f
476,0.8122,Wed Jan 10 16:11:12 +0000 2018,0.0,0.704,0.296,@nytimes,77,"RT @45Fired: @neeratanden Yes, yes, yes! Sooner or later, the whole NYTimes story of Oct. 31, ‚Äò16 will be told. @nytimes 

‚ÄúInvestigating D‚Ä¶"
477,-0.296,Wed Jan 10 16:11:11 +0000 2018,0.109,0.891,0.0,@nytimes,78,RT @syeddoha: @poppymcp @ABellBshara You see the #FireCracker women? I follow them. #ReadPeople Read @nytimes. I have been accused of being‚Ä¶
478,-0.6369,Wed Jan 10 16:11:11 +0000 2018,0.286,0.714,0.0,@nytimes,79,RT @nytimes: James Franco denied sexual misconduct accusations in an interview with Stephen Colbert https://t.co/MLKNiZowY2
479,0.0,Wed Jan 10 16:11:09 +0000 2018,0.0,1.0,0.0,@nytimes,80,@Montrelltha1 @Abie23 @oreo_tinker @Sterlingartz @JacobAWohl @realDonaldTrump @nytimes  https://t.co/vdq1yLaUZN
480,-0.5859,Wed Jan 10 16:11:08 +0000 2018,0.241,0.759,0.0,@nytimes,81,"RT @Sterlingartz: @JacobAWohl @realDonaldTrump @nytimes Jacob Wohl _ 14 counts of Fraud 
https://t.co/Mg0iHpHaQ5 https://t.co/lxN8ZeFQDK"
481,0.5859,Wed Jan 10 16:11:05 +0000 2018,0.0,0.817,0.183,@nytimes,82,"RT @Sterlingartz: @JacobAWohl @realDonaldTrump @nytimes And The Winner Of ""Financial Charlatan Of The Year"" Is... Jacob Wohl https://t.co/E‚Ä¶"
482,0.0,Wed Jan 10 16:11:04 +0000 2018,0.0,1.0,0.0,@nytimes,83,RT @Frohbaer: @Patrickesque @tx_blue_dot The @nytimes is a shill for Trump and a rag of court stenography.
483,0.0,Wed Jan 10 16:11:03 +0000 2018,0.0,1.0,0.0,@nytimes,84,"RT @nytimes: A gym chain is banning CNN, Fox News and MSNBC from its TVs. They say it's for your health. https://t.co/TCNZJrqZvx"
484,0.8555,Wed Jan 10 16:11:02 +0000 2018,0.0,0.427,0.573,@nytimes,85,Great end quote by Taffy. Nice read. Tx. @nytimes https://t.co/5LKohj4qxP
485,-0.6808,Wed Jan 10 16:11:01 +0000 2018,0.272,0.64,0.088,@nytimes,86,"RT @Sterlingartz: @JacobAWohl @realDonaldTrump @nytimes 14 counts of securities fraud
Disgraced Teen Hedge Fund Manager Jacob Wohl Has Star‚Ä¶"
486,0.0,Wed Jan 10 16:11:00 +0000 2018,0.0,1.0,0.0,@nytimes,87,@mkrisch76 @oreo_tinker @Sterlingartz @JacobAWohl @realDonaldTrump @nytimes DEEEEERRRRRRRRP!
487,0.3182,Wed Jan 10 16:11:00 +0000 2018,0.0,0.905,0.095,@nytimes,88,"RT @aliasvaughn: Of course they did, and that infamous NYT story that the @nytimes NEVER retracted OR corrected OR apologized for? Was eith‚Ä¶"
488,0.5267,Wed Jan 10 16:10:59 +0000 2018,0.0,0.866,0.134,@nytimes,89,"RT @nytimes: Breaking News: In the first decision of its kind, federal judges threw out North Carolina‚Äôs congressional map, saying it was d‚Ä¶"
489,0.4939,Wed Jan 10 16:10:59 +0000 2018,0.0,0.882,0.118,@nytimes,90,@nytimes We need them to not exist at all. AT ALL. I don‚Äôt care if they are accurate or not. Bob lives next door to‚Ä¶ https://t.co/6uFL6I9egu
490,0.0,Wed Jan 10 16:10:59 +0000 2018,0.0,1.0,0.0,@nytimes,91,"RT @nytimes: A gym chain is banning CNN, Fox News and MSNBC from its TVs. They say it's for your health. https://t.co/TCNZJrqZvx"
491,0.6249,Wed Jan 10 16:10:58 +0000 2018,0.0,0.788,0.212,@nytimes,92,RT @justatittle1: @JacobAWohl @realDonaldTrump @nytimes Isn‚Äôt it amazing Jacob how the Far Left #Hittites want to shut up anyone who stands‚Ä¶
492,0.0,Wed Jan 10 16:10:58 +0000 2018,0.0,1.0,0.0,@nytimes,93,"RT @Sterlingartz: @JacobAWohl @realDonaldTrump @nytimes Jacob Wohl, The Teenage-Hedge Fund Manager, Has Been Ordered To Cease And Desist
ht‚Ä¶"
493,-0.1258,Wed Jan 10 16:10:57 +0000 2018,0.2,0.578,0.222,@nytimes,94,@MaggieDeg4 @nytimes Or he was genuinely just giving Trump credit. What is so bad about that?
494,-0.3947,Wed Jan 10 16:10:57 +0000 2018,0.129,0.871,0.0,@nytimes,95,@kmgantz @PeterTshuma4 @nytimes I answer all my appointments in my pjs &amp; robes...it's just more comfy why bother ge‚Ä¶ https://t.co/IMAP1eRyXk
495,0.7579,Wed Jan 10 16:10:55 +0000 2018,0.0,0.746,0.254,@nytimes,96,RT @talesofaSAHM: @nytimes Oh my god I wish my gym would do this. I have to pick the elliptical behind a support beam so I don‚Äôt see the Fo‚Ä¶
496,-0.5859,Wed Jan 10 16:12:19 +0000 2018,0.241,0.759,0.0,@nytimes,97,"RT @Sterlingartz: @JacobAWohl @realDonaldTrump @nytimes Jacob Wohl _ 14 counts of Fraud 
https://t.co/Mg0iHpHaQ5 https://t.co/lxN8ZeFQDK"
497,0.0,Wed Jan 10 16:12:18 +0000 2018,0.0,1.0,0.0,@nytimes,98,@Ldydewood @JacobAWohl @realDonaldTrump @nytimes Comprehension
498,0.0,Wed Jan 10 16:12:17 +0000 2018,0.0,1.0,0.0,@nytimes,99,"RT @nytimes: A gym chain is banning CNN, Fox News and MSNBC from its TVs. They say it's for your health. https://t.co/TCNZJrqZvx"
499,0.0,Wed Jan 10 16:12:16 +0000 2018,0.0,1.0,0.0,@nytimes,100,"RT @Sterlingartz: @JacobAWohl @realDonaldTrump @nytimes Arizona Files Cease and Desist Order Against Jacob Wohl, 
Alleges Multiple Counts O‚Ä¶"
